--
-- PostgreSQL database dump
--

\restrict b0Y2OnGtCBi6zWIcOBaxkamI9dzcy72hqIOdAj0dAjMD5R1NjuIe6nC5ttJgZtf

-- Dumped from database version 18.4 (Debian 18.4-1.pgdg12+1)
-- Dumped by pg_dump version 18.4 (Ubuntu 18.4-0ubuntu0.26.04.1)

SET statement_timeout = 0;
SET lock_timeout = 0;
SET idle_in_transaction_session_timeout = 0;
SET transaction_timeout = 0;
SET client_encoding = 'UTF8';
SET standard_conforming_strings = on;
SELECT pg_catalog.set_config('search_path', '', false);
SET check_function_bodies = false;
SET xmloption = content;
SET client_min_messages = warning;
SET row_security = off;

--
-- Name: public; Type: SCHEMA; Schema: -; Owner: -
--

-- *not* creating schema, since initdb creates it


--
-- Name: pg_stat_statements; Type: EXTENSION; Schema: -; Owner: -
--

CREATE EXTENSION IF NOT EXISTS pg_stat_statements WITH SCHEMA public;


--
-- Name: EXTENSION pg_stat_statements; Type: COMMENT; Schema: -; Owner: -
--

COMMENT ON EXTENSION pg_stat_statements IS 'track planning and execution statistics of all SQL statements executed';


SET default_tablespace = '';

SET default_table_access_method = heap;

--
-- Name: agent; Type: TABLE; Schema: public; Owner: -
--

CREATE TABLE public.agent (
    id bigint NOT NULL,
    agent_id character varying(255) NOT NULL,
    created_at timestamp(6) without time zone,
    created_by character varying(255),
    department character varying(255),
    email character varying(255),
    face_registered boolean,
    face_template text,
    face_verify_anytime boolean,
    face_verify_on_check_in boolean,
    face_verify_on_check_out boolean,
    is_active boolean NOT NULL,
    name character varying(255),
    password character varying(255),
    phone character varying(255),
    role character varying(255),
    face_verification_enabled boolean DEFAULT true,
    face_verification_frequency integer DEFAULT 2,
    face_verification_times jsonb,
    face_verified_at timestamp(6) without time zone,
    face_verification_count_today integer DEFAULT 0,
    face_last_verification_date date,
    updated_at timestamp(6) without time zone,
    updated_by character varying(255),
    shift_start_time time without time zone,
    shift_end_time time without time zone,
    grace_period_minutes integer DEFAULT 15,
    working_days jsonb,
    face_embedding text,
    face_template_updated_at timestamp(6) without time zone
);


--
-- Name: agent_id_seq; Type: SEQUENCE; Schema: public; Owner: -
--

ALTER TABLE public.agent ALTER COLUMN id ADD GENERATED BY DEFAULT AS IDENTITY (
    SEQUENCE NAME public.agent_id_seq
    START WITH 1
    INCREMENT BY 1
    NO MINVALUE
    NO MAXVALUE
    CACHE 1
);


--
-- Name: attendance; Type: TABLE; Schema: public; Owner: -
--

CREATE TABLE public.attendance (
    id bigint NOT NULL,
    check_in_latitude double precision,
    check_in_longitude double precision,
    check_in_time timestamp(6) without time zone,
    check_out_latitude double precision,
    check_out_longitude double precision,
    check_out_time timestamp(6) without time zone,
    distance_from_mart double precision,
    mid_day_verification_time timestamp(6) without time zone,
    status character varying(255),
    agent_id bigint NOT NULL,
    mart_id bigint NOT NULL,
    shift_start_time time without time zone,
    shift_end_time time without time zone,
    late_minutes integer DEFAULT 0,
    face_verified_checkin boolean DEFAULT false,
    face_verified_checkout boolean DEFAULT false
);


--
-- Name: attendance_id_seq; Type: SEQUENCE; Schema: public; Owner: -
--

ALTER TABLE public.attendance ALTER COLUMN id ADD GENERATED BY DEFAULT AS IDENTITY (
    SEQUENCE NAME public.attendance_id_seq
    START WITH 1
    INCREMENT BY 1
    NO MINVALUE
    NO MAXVALUE
    CACHE 1
);


--
-- Name: audit_logs; Type: TABLE; Schema: public; Owner: -
--

CREATE TABLE public.audit_logs (
    id bigint NOT NULL,
    action character varying(255) NOT NULL,
    details text,
    ip_address character varying(255),
    status character varying(255) NOT NULL,
    "timestamp" timestamp(6) without time zone NOT NULL,
    username character varying(255) NOT NULL
);


--
-- Name: audit_logs_id_seq; Type: SEQUENCE; Schema: public; Owner: -
--

ALTER TABLE public.audit_logs ALTER COLUMN id ADD GENERATED BY DEFAULT AS IDENTITY (
    SEQUENCE NAME public.audit_logs_id_seq
    START WITH 1
    INCREMENT BY 1
    NO MINVALUE
    NO MAXVALUE
    CACHE 1
);


--
-- Name: face_template; Type: TABLE; Schema: public; Owner: -
--

CREATE TABLE public.face_template (
    id bigint NOT NULL,
    agent_id bigint NOT NULL,
    feature_vector text NOT NULL,
    created_at timestamp(6) without time zone,
    updated_at timestamp(6) without time zone
);


--
-- Name: face_template_id_seq; Type: SEQUENCE; Schema: public; Owner: -
--

CREATE SEQUENCE public.face_template_id_seq
    START WITH 1
    INCREMENT BY 1
    NO MINVALUE
    NO MAXVALUE
    CACHE 1;


--
-- Name: face_template_id_seq; Type: SEQUENCE OWNED BY; Schema: public; Owner: -
--

ALTER SEQUENCE public.face_template_id_seq OWNED BY public.face_template.id;


--
-- Name: face_verification_log; Type: TABLE; Schema: public; Owner: -
--

CREATE TABLE public.face_verification_log (
    id bigint NOT NULL,
    agent_id bigint NOT NULL,
    verification_time timestamp(6) without time zone,
    scheduled_time time without time zone,
    success boolean,
    similarity_score double precision,
    ip_address character varying(45),
    user_agent text
);


--
-- Name: face_verification_log_id_seq; Type: SEQUENCE; Schema: public; Owner: -
--

CREATE SEQUENCE public.face_verification_log_id_seq
    START WITH 1
    INCREMENT BY 1
    NO MINVALUE
    NO MAXVALUE
    CACHE 1;


--
-- Name: face_verification_log_id_seq; Type: SEQUENCE OWNED BY; Schema: public; Owner: -
--

ALTER SEQUENCE public.face_verification_log_id_seq OWNED BY public.face_verification_log.id;


--
-- Name: flyway_schema_history; Type: TABLE; Schema: public; Owner: -
--

CREATE TABLE public.flyway_schema_history (
    installed_rank integer NOT NULL,
    version character varying(50),
    description character varying(200) NOT NULL,
    type character varying(20) NOT NULL,
    script character varying(1000) NOT NULL,
    checksum integer,
    installed_by character varying(100) NOT NULL,
    installed_on timestamp without time zone DEFAULT now() NOT NULL,
    execution_time integer NOT NULL,
    success boolean NOT NULL
);


--
-- Name: geo_fence_logs; Type: TABLE; Schema: public; Owner: -
--

CREATE TABLE public.geo_fence_logs (
    id bigint NOT NULL,
    action character varying(255),
    created_at timestamp(6) without time zone,
    latitude double precision,
    longitude double precision,
    agent_id bigint,
    mart_id bigint
);


--
-- Name: geo_fence_logs_id_seq; Type: SEQUENCE; Schema: public; Owner: -
--

ALTER TABLE public.geo_fence_logs ALTER COLUMN id ADD GENERATED BY DEFAULT AS IDENTITY (
    SEQUENCE NAME public.geo_fence_logs_id_seq
    START WITH 1
    INCREMENT BY 1
    NO MINVALUE
    NO MAXVALUE
    CACHE 1
);


--
-- Name: mart; Type: TABLE; Schema: public; Owner: -
--

CREATE TABLE public.mart (
    id bigint NOT NULL,
    address character varying(255),
    created_at timestamp(6) without time zone,
    geo_fencing_enabled boolean,
    latitude double precision,
    longitude double precision,
    name character varying(255),
    radius double precision,
    is_active boolean DEFAULT true NOT NULL
);


--
-- Name: mart_id_seq; Type: SEQUENCE; Schema: public; Owner: -
--

ALTER TABLE public.mart ALTER COLUMN id ADD GENERATED BY DEFAULT AS IDENTITY (
    SEQUENCE NAME public.mart_id_seq
    START WITH 1
    INCREMENT BY 1
    NO MINVALUE
    NO MAXVALUE
    CACHE 1
);


--
-- Name: notifications; Type: TABLE; Schema: public; Owner: -
--

CREATE TABLE public.notifications (
    id bigint NOT NULL,
    agent_name character varying(255),
    created_at timestamp(6) without time zone,
    department character varying(255),
    is_read boolean,
    message text,
    type character varying(255),
    agent_id bigint
);


--
-- Name: notifications_id_seq; Type: SEQUENCE; Schema: public; Owner: -
--

ALTER TABLE public.notifications ALTER COLUMN id ADD GENERATED BY DEFAULT AS IDENTITY (
    SEQUENCE NAME public.notifications_id_seq
    START WITH 1
    INCREMENT BY 1
    NO MINVALUE
    NO MAXVALUE
    CACHE 1
);


--
-- Name: products; Type: TABLE; Schema: public; Owner: -
--

CREATE TABLE public.products (
    id bigint NOT NULL,
    description text,
    image_url character varying(500),
    is_active boolean,
    name character varying(255) NOT NULL,
    price double precision NOT NULL,
    thumbnail_url character varying(500),
    category character varying(50),
    unit character varying(50),
    created_at timestamp(6) without time zone,
    updated_at timestamp(6) without time zone
);


--
-- Name: products_id_seq; Type: SEQUENCE; Schema: public; Owner: -
--

ALTER TABLE public.products ALTER COLUMN id ADD GENERATED BY DEFAULT AS IDENTITY (
    SEQUENCE NAME public.products_id_seq
    START WITH 1
    INCREMENT BY 1
    NO MINVALUE
    NO MAXVALUE
    CACHE 1
);


--
-- Name: sale_items; Type: TABLE; Schema: public; Owner: -
--

CREATE TABLE public.sale_items (
    id bigint NOT NULL,
    product_image_url character varying(500),
    quantity integer NOT NULL,
    total_price double precision NOT NULL,
    unit_price double precision NOT NULL,
    product_id bigint,
    sales_record_id bigint
);


--
-- Name: sale_items_id_seq; Type: SEQUENCE; Schema: public; Owner: -
--

ALTER TABLE public.sale_items ALTER COLUMN id ADD GENERATED BY DEFAULT AS IDENTITY (
    SEQUENCE NAME public.sale_items_id_seq
    START WITH 1
    INCREMENT BY 1
    NO MINVALUE
    NO MAXVALUE
    CACHE 1
);


--
-- Name: sales_records; Type: TABLE; Schema: public; Owner: -
--

CREATE TABLE public.sales_records (
    id bigint NOT NULL,
    created_at timestamp(6) without time zone,
    location character varying(255),
    modified_at timestamp(6) without time zone,
    modified_by character varying(50),
    override_reason character varying(255),
    sale_date date NOT NULL,
    sale_time time(6) without time zone NOT NULL,
    total_amount double precision NOT NULL,
    agent_id bigint,
    store_name character varying(255),
    total_units integer DEFAULT 0,
    submitted_at timestamp(6) without time zone,
    status character varying(20) DEFAULT 'PENDING'::character varying,
    notes text,
    created_by bigint
);


--
-- Name: sales_records_id_seq; Type: SEQUENCE; Schema: public; Owner: -
--

ALTER TABLE public.sales_records ALTER COLUMN id ADD GENERATED BY DEFAULT AS IDENTITY (
    SEQUENCE NAME public.sales_records_id_seq
    START WITH 1
    INCREMENT BY 1
    NO MINVALUE
    NO MAXVALUE
    CACHE 1
);


--
-- Name: sales_sync_log; Type: TABLE; Schema: public; Owner: -
--

CREATE TABLE public.sales_sync_log (
    id bigint NOT NULL,
    sale_record_id bigint,
    sync_message text,
    sync_status character varying(20),
    synced_at timestamp(6) without time zone,
    synced_to character varying(50)
);


--
-- Name: sales_sync_log_id_seq; Type: SEQUENCE; Schema: public; Owner: -
--

ALTER TABLE public.sales_sync_log ALTER COLUMN id ADD GENERATED BY DEFAULT AS IDENTITY (
    SEQUENCE NAME public.sales_sync_log_id_seq
    START WITH 1
    INCREMENT BY 1
    NO MINVALUE
    NO MAXVALUE
    CACHE 1
);


--
-- Name: face_template id; Type: DEFAULT; Schema: public; Owner: -
--

ALTER TABLE ONLY public.face_template ALTER COLUMN id SET DEFAULT nextval('public.face_template_id_seq'::regclass);


--
-- Name: face_verification_log id; Type: DEFAULT; Schema: public; Owner: -
--

ALTER TABLE ONLY public.face_verification_log ALTER COLUMN id SET DEFAULT nextval('public.face_verification_log_id_seq'::regclass);


--
-- Data for Name: agent; Type: TABLE DATA; Schema: public; Owner: -
--

COPY public.agent (id, agent_id, created_at, created_by, department, email, face_registered, face_template, face_verify_anytime, face_verify_on_check_in, face_verify_on_check_out, is_active, name, password, phone, role, face_verification_enabled, face_verification_frequency, face_verification_times, face_verified_at, face_verification_count_today, face_last_verification_date, updated_at, updated_by, shift_start_time, shift_end_time, grace_period_minutes, working_days, face_embedding, face_template_updated_at) FROM stdin;
42	ASIF001	2026-07-05 12:26:55.687078	\N	SALES	asif@gmail.com	t	\N	t	t	t	t	ASIF	$2a$10$5vT9e/5CcM7KKmYaYydAZOLxuoEhCx5/J050N4bpMkSZ7JUsU1uM6	03337464895	AGENT	t	2	["09:00", "17:00"]	2026-07-05 12:39:30.698	0	2026-07-05	2026-07-05 12:26:56.07697	\N	09:00:00	20:00:00	15	["MON", "TUE", "WED", "THU", "FRI"]	PqLVu8aV4DyMClE83QegOsSQRr3x81A9UiBHvaLwRr1p04K9aKpfvDAIY7wNfAU8KPTDu0a35DzWI866OlQqvejQsryhQ+K7hW00Ou6ZLjsWOgy+oKlwPRpfCr2IjDs8/FCOPGdXAjyiYB69XblsPTiACz7awSu9ItERvDjPUT4D0ow9Z8HtOvfsDL0O+5E9jaiXvF+NKLxIp/46Dp/9u1pI2ztra3M7knJfPDyv07vD6r07oFsxvZ9C1DvS8U07bC76u44qOj3IFzg9gV2juyPRK77BdDS76w5+vD5WojtYlKY7AtFvO9TAn73M48U84cbhPDauxb2HZhO9rB0CPSMhRLwAvE087kK1u0j5Yzy+kN870cxqOiH5/rxQJMm8SSN2vdwnFDztP/K8v9PkO/uhKzvnpDm6Q/A4Pke4Bz1tdtC7cOKjPIqtILwNRg8+W/mAvQz1Jrtbclq74tXZu0AL6jwIQtG9ErcwPBvWXbqL7BA83/2nvCHoTLyd99+9fPDyu5XQmztWbz+6R148O3zGGTukLzu8qT/Cu+CCv7kLWUC7tGiiO1os/b2icqE6Cz2GuxPcgDzCFem9eHYMPC6RETza/Ek+ffggPAFsRj3M8Ti7k5EEvXwAoT154KE9AUnhPd/oS7y1l9+9X2jnunSb3jqDaxe7Ra2OO+g8QbrUsq2688aovXsLKDwZgLE8qITHuDlojbvEaU8953YrvKRzBr7qLvi7gU7cO1H6DjzJ2Gm74RA1OqccC7rYHia9Q6GBvcuuVj2ZBHG8c6Emu1de0TsEHSS8qb//u6dalL07tZ24ovPEvH6XAry/ROG6zWuDOzgO1Tu6mb+9xv2Pu7GoS71RCLW64hU1vIHoBzpmuIQ7p9qMPCoejDy0uYm9xC2Lu/OVlrnITgk+gxe+PNDw7rrmsBe8Cw12PPwzhTsHd4G9X5qLvbBeG7zVVOw7pChnvX0Ewby8gmM5jGMpu8TP8z22Noo8iuyjveNAlD26ZqY99JJBvSiHcb3I4SC8PqLVu8aV4DyMClE83QegOsSQRr3x81A9UiBHvaLwRr1p04K9aKpfvDAIY7wNfAU8KPTDu0a35DzWI866OlQqvejQsryhQ+K7hW00Ou6ZLjsWOgy+oKlwPRpfCr2IjDs8/FCOPGdXAjyiYB69XblsPTiACz7awSu9ItERvDjPUT4D0ow9Z8HtOvfsDL0O+5E9jaiXvF+NKLxIp/46Dp/9u1pI2ztra3M7knJfPDyv07vD6r07oFsxvZ9C1DvS8U07bC76u44qOj3IFzg9gV2juyPRK77BdDS76w5+vD5WojtYlKY7AtFvO9TAn73M48U84cbhPDauxb2HZhO9rB0CPSMhRLwAvE087kK1u0j5Yzy+kN870cxqOiH5/rxQJMm8SSN2vdwnFDztP/K8v9PkO/uhKzvnpDm6Q/A4Pke4Bz1tdtC7cOKjPIqtILwNRg8+W/mAvQz1Jrtbclq74tXZu0AL6jwIQtG9ErcwPBvWXbqL7BA83/2nvCHoTLyd99+9fPDyu5XQmztWbz+6R148O3zGGTukLzu8qT/Cu+CCv7kLWUC7tGiiO1os/b2icqE6Cz2GuxPcgDzCFem9eHYMPC6RETza/Ek+ffggPAFsRj3M8Ti7k5EEvXwAoT154KE9AUnhPd/oS7y1l9+9X2jnunSb3jqDaxe7Ra2OO+g8QbrUsq2688aovXsLKDwZgLE8qITHuDlojbvEaU8953YrvKRzBr7qLvi7gU7cO1H6DjzJ2Gm74RA1OqccC7rYHia9Q6GBvcuuVj2ZBHG8c6Emu1de0TsEHSS8qb//u6dalL07tZ24ovPEvH6XAry/ROG6zWuDOzgO1Tu6mb+9xv2Pu7GoS71RCLW64hU1vIHoBzpmuIQ7p9qMPCoejDy0uYm9xC2Lu/OVlrnITgk+gxe+PNDw7rrmsBe8Cw12PPwzhTsHd4G9X5qLvbBeG7zVVOw7pChnvX0Ewby8gmM5jGMpu8TP8z22Noo8iuyjveNAlD26ZqY99JJBvSiHcb3I4SC8	2026-07-05 12:26:56.07697
33	RAFAY001	2026-07-04 21:50:22.089242	\N	SALES	rafay@gmail.com	t	\N	t	t	t	t	Rafau	$2a$10$HuGxSmr5H1WExH/0IbFpD.6vRDJJQrxsdCI/IgJjgfi9tB/l7Mvc2	03928348	AGENT	t	2	["09:00", "17:00"]	2026-07-04 21:52:42.678	0	2026-07-04	2026-07-04 21:50:22.667777	\N	09:00:00	17:00:00	15	["MON", "TUE", "WED", "THU", "FRI", "SAT"]	PqLVu8aV4DyMClE83QegOsSQRr3x81A9UiBHvaLwRr1p04K9aKpfvDAIY7wNfAU8KPTDu0a35DzWI866OlQqvejQsryhQ+K7hW00Ou6ZLjsWOgy+oKlwPRpfCr2IjDs8/FCOPGdXAjyiYB69XblsPTiACz7awSu9ItERvDjPUT4D0ow9Z8HtOvfsDL0O+5E9jaiXvF+NKLxIp/46Dp/9u1pI2ztra3M7knJfPDyv07vD6r07oFsxvZ9C1DvS8U07bC76u44qOj3IFzg9gV2juyPRK77BdDS76w5+vD5WojtYlKY7AtFvO9TAn73M48U84cbhPDauxb2HZhO9rB0CPSMhRLwAvE087kK1u0j5Yzy+kN870cxqOiH5/rxQJMm8SSN2vdwnFDztP/K8v9PkO/uhKzvnpDm6Q/A4Pke4Bz1tdtC7cOKjPIqtILwNRg8+W/mAvQz1Jrtbclq74tXZu0AL6jwIQtG9ErcwPBvWXbqL7BA83/2nvCHoTLyd99+9fPDyu5XQmztWbz+6R148O3zGGTukLzu8qT/Cu+CCv7kLWUC7tGiiO1os/b2icqE6Cz2GuxPcgDzCFem9eHYMPC6RETza/Ek+ffggPAFsRj3M8Ti7k5EEvXwAoT154KE9AUnhPd/oS7y1l9+9X2jnunSb3jqDaxe7Ra2OO+g8QbrUsq2688aovXsLKDwZgLE8qITHuDlojbvEaU8953YrvKRzBr7qLvi7gU7cO1H6DjzJ2Gm74RA1OqccC7rYHia9Q6GBvcuuVj2ZBHG8c6Emu1de0TsEHSS8qb//u6dalL07tZ24ovPEvH6XAry/ROG6zWuDOzgO1Tu6mb+9xv2Pu7GoS71RCLW64hU1vIHoBzpmuIQ7p9qMPCoejDy0uYm9xC2Lu/OVlrnITgk+gxe+PNDw7rrmsBe8Cw12PPwzhTsHd4G9X5qLvbBeG7zVVOw7pChnvX0Ewby8gmM5jGMpu8TP8z22Noo8iuyjveNAlD26ZqY99JJBvSiHcb3I4SC8PqLVu8aV4DyMClE83QegOsSQRr3x81A9UiBHvaLwRr1p04K9aKpfvDAIY7wNfAU8KPTDu0a35DzWI866OlQqvejQsryhQ+K7hW00Ou6ZLjsWOgy+oKlwPRpfCr2IjDs8/FCOPGdXAjyiYB69XblsPTiACz7awSu9ItERvDjPUT4D0ow9Z8HtOvfsDL0O+5E9jaiXvF+NKLxIp/46Dp/9u1pI2ztra3M7knJfPDyv07vD6r07oFsxvZ9C1DvS8U07bC76u44qOj3IFzg9gV2juyPRK77BdDS76w5+vD5WojtYlKY7AtFvO9TAn73M48U84cbhPDauxb2HZhO9rB0CPSMhRLwAvE087kK1u0j5Yzy+kN870cxqOiH5/rxQJMm8SSN2vdwnFDztP/K8v9PkO/uhKzvnpDm6Q/A4Pke4Bz1tdtC7cOKjPIqtILwNRg8+W/mAvQz1Jrtbclq74tXZu0AL6jwIQtG9ErcwPBvWXbqL7BA83/2nvCHoTLyd99+9fPDyu5XQmztWbz+6R148O3zGGTukLzu8qT/Cu+CCv7kLWUC7tGiiO1os/b2icqE6Cz2GuxPcgDzCFem9eHYMPC6RETza/Ek+ffggPAFsRj3M8Ti7k5EEvXwAoT154KE9AUnhPd/oS7y1l9+9X2jnunSb3jqDaxe7Ra2OO+g8QbrUsq2688aovXsLKDwZgLE8qITHuDlojbvEaU8953YrvKRzBr7qLvi7gU7cO1H6DjzJ2Gm74RA1OqccC7rYHia9Q6GBvcuuVj2ZBHG8c6Emu1de0TsEHSS8qb//u6dalL07tZ24ovPEvH6XAry/ROG6zWuDOzgO1Tu6mb+9xv2Pu7GoS71RCLW64hU1vIHoBzpmuIQ7p9qMPCoejDy0uYm9xC2Lu/OVlrnITgk+gxe+PNDw7rrmsBe8Cw12PPwzhTsHd4G9X5qLvbBeG7zVVOw7pChnvX0Ewby8gmM5jGMpu8TP8z22Noo8iuyjveNAlD26ZqY99JJBvSiHcb3I4SC8	2026-07-04 21:50:22.667777
40	HR001	2026-07-05 10:34:29.812871	\N	HR	hr@gmail.com	f	\N	t	t	t	t	Hr	$2a$10$3X31edxYC.hWiqSgXmAG7ua6NhnnBRUFACFAK3raYgc9p28Nd1HGa	038284855	HR	t	2	["09:00", "17:00"]	\N	0	\N	\N	\N	09:00:00	17:00:00	15	["MON", "TUE", "WED", "THU", "FRI"]	\N	\N
37	TEST001	2026-07-04 22:01:57.308046	\N	SALES	test@gmail.com	t	\N	t	t	t	t	Test	$2a$10$rSpKymJtZnJ7/y/b361K6eYoyc/CZJCkmZFNgKoXrqoOqutWFoUly	03729348	AGENT	t	2	["09:00", "17:00"]	2026-07-04 22:02:26.517	0	2026-07-05	2026-07-04 22:01:57.631248	\N	09:00:00	17:00:00	15	["MON", "TUE", "WED", "THU", "FRI", "SAT"]	PqLVu8aV4DyMClE83QegOsSQRr3x81A9UiBHvaLwRr1p04K9aKpfvDAIY7wNfAU8KPTDu0a35DzWI866OlQqvejQsryhQ+K7hW00Ou6ZLjsWOgy+oKlwPRpfCr2IjDs8/FCOPGdXAjyiYB69XblsPTiACz7awSu9ItERvDjPUT4D0ow9Z8HtOvfsDL0O+5E9jaiXvF+NKLxIp/46Dp/9u1pI2ztra3M7knJfPDyv07vD6r07oFsxvZ9C1DvS8U07bC76u44qOj3IFzg9gV2juyPRK77BdDS76w5+vD5WojtYlKY7AtFvO9TAn73M48U84cbhPDauxb2HZhO9rB0CPSMhRLwAvE087kK1u0j5Yzy+kN870cxqOiH5/rxQJMm8SSN2vdwnFDztP/K8v9PkO/uhKzvnpDm6Q/A4Pke4Bz1tdtC7cOKjPIqtILwNRg8+W/mAvQz1Jrtbclq74tXZu0AL6jwIQtG9ErcwPBvWXbqL7BA83/2nvCHoTLyd99+9fPDyu5XQmztWbz+6R148O3zGGTukLzu8qT/Cu+CCv7kLWUC7tGiiO1os/b2icqE6Cz2GuxPcgDzCFem9eHYMPC6RETza/Ek+ffggPAFsRj3M8Ti7k5EEvXwAoT154KE9AUnhPd/oS7y1l9+9X2jnunSb3jqDaxe7Ra2OO+g8QbrUsq2688aovXsLKDwZgLE8qITHuDlojbvEaU8953YrvKRzBr7qLvi7gU7cO1H6DjzJ2Gm74RA1OqccC7rYHia9Q6GBvcuuVj2ZBHG8c6Emu1de0TsEHSS8qb//u6dalL07tZ24ovPEvH6XAry/ROG6zWuDOzgO1Tu6mb+9xv2Pu7GoS71RCLW64hU1vIHoBzpmuIQ7p9qMPCoejDy0uYm9xC2Lu/OVlrnITgk+gxe+PNDw7rrmsBe8Cw12PPwzhTsHd4G9X5qLvbBeG7zVVOw7pChnvX0Ewby8gmM5jGMpu8TP8z22Noo8iuyjveNAlD26ZqY99JJBvSiHcb3I4SC8PqLVu8aV4DyMClE83QegOsSQRr3x81A9UiBHvaLwRr1p04K9aKpfvDAIY7wNfAU8KPTDu0a35DzWI866OlQqvejQsryhQ+K7hW00Ou6ZLjsWOgy+oKlwPRpfCr2IjDs8/FCOPGdXAjyiYB69XblsPTiACz7awSu9ItERvDjPUT4D0ow9Z8HtOvfsDL0O+5E9jaiXvF+NKLxIp/46Dp/9u1pI2ztra3M7knJfPDyv07vD6r07oFsxvZ9C1DvS8U07bC76u44qOj3IFzg9gV2juyPRK77BdDS76w5+vD5WojtYlKY7AtFvO9TAn73M48U84cbhPDauxb2HZhO9rB0CPSMhRLwAvE087kK1u0j5Yzy+kN870cxqOiH5/rxQJMm8SSN2vdwnFDztP/K8v9PkO/uhKzvnpDm6Q/A4Pke4Bz1tdtC7cOKjPIqtILwNRg8+W/mAvQz1Jrtbclq74tXZu0AL6jwIQtG9ErcwPBvWXbqL7BA83/2nvCHoTLyd99+9fPDyu5XQmztWbz+6R148O3zGGTukLzu8qT/Cu+CCv7kLWUC7tGiiO1os/b2icqE6Cz2GuxPcgDzCFem9eHYMPC6RETza/Ek+ffggPAFsRj3M8Ti7k5EEvXwAoT154KE9AUnhPd/oS7y1l9+9X2jnunSb3jqDaxe7Ra2OO+g8QbrUsq2688aovXsLKDwZgLE8qITHuDlojbvEaU8953YrvKRzBr7qLvi7gU7cO1H6DjzJ2Gm74RA1OqccC7rYHia9Q6GBvcuuVj2ZBHG8c6Emu1de0TsEHSS8qb//u6dalL07tZ24ovPEvH6XAry/ROG6zWuDOzgO1Tu6mb+9xv2Pu7GoS71RCLW64hU1vIHoBzpmuIQ7p9qMPCoejDy0uYm9xC2Lu/OVlrnITgk+gxe+PNDw7rrmsBe8Cw12PPwzhTsHd4G9X5qLvbBeG7zVVOw7pChnvX0Ewby8gmM5jGMpu8TP8z22Noo8iuyjveNAlD26ZqY99JJBvSiHcb3I4SC8	2026-07-04 22:01:57.631248
44	SALES001	2026-07-05 15:46:32.799434	\N	SALES	sales@gmail.com	f	\N	t	t	t	t	SALES	$2a$10$Gt1codK/5eBydFdG19ML3O53Sfjw2jWFDDVmbz91rpeeQd1Pti1.W	0300000000	SALES	t	2	["09:00", "17:00"]	\N	0	\N	\N	\N	09:00:00	17:00:00	15	["MON", "TUE", "WED", "THU", "FRI"]	\N	\N
38	ALI001	2026-07-05 10:29:53.024958	\N	SALES	ali@gmail.com	t	\N	t	t	t	t	Ali	$2a$10$mMga0AsTbIYAIG.5ClTzjuwCdeJi0d528PryjcPbOD.XfeAVa0c6m	038293944	AGENT	t	2	["09:00", "17:00"]	2026-07-05 10:31:04.969	0	2026-07-05	2026-07-05 10:29:53.596497	\N	09:00:00	17:00:00	15	["MON", "TUE", "WED", "THU", "FRI"]	PqLVu8aV4DyMClE83QegOsSQRr3x81A9UiBHvaLwRr1p04K9aKpfvDAIY7wNfAU8KPTDu0a35DzWI866OlQqvejQsryhQ+K7hW00Ou6ZLjsWOgy+oKlwPRpfCr2IjDs8/FCOPGdXAjyiYB69XblsPTiACz7awSu9ItERvDjPUT4D0ow9Z8HtOvfsDL0O+5E9jaiXvF+NKLxIp/46Dp/9u1pI2ztra3M7knJfPDyv07vD6r07oFsxvZ9C1DvS8U07bC76u44qOj3IFzg9gV2juyPRK77BdDS76w5+vD5WojtYlKY7AtFvO9TAn73M48U84cbhPDauxb2HZhO9rB0CPSMhRLwAvE087kK1u0j5Yzy+kN870cxqOiH5/rxQJMm8SSN2vdwnFDztP/K8v9PkO/uhKzvnpDm6Q/A4Pke4Bz1tdtC7cOKjPIqtILwNRg8+W/mAvQz1Jrtbclq74tXZu0AL6jwIQtG9ErcwPBvWXbqL7BA83/2nvCHoTLyd99+9fPDyu5XQmztWbz+6R148O3zGGTukLzu8qT/Cu+CCv7kLWUC7tGiiO1os/b2icqE6Cz2GuxPcgDzCFem9eHYMPC6RETza/Ek+ffggPAFsRj3M8Ti7k5EEvXwAoT154KE9AUnhPd/oS7y1l9+9X2jnunSb3jqDaxe7Ra2OO+g8QbrUsq2688aovXsLKDwZgLE8qITHuDlojbvEaU8953YrvKRzBr7qLvi7gU7cO1H6DjzJ2Gm74RA1OqccC7rYHia9Q6GBvcuuVj2ZBHG8c6Emu1de0TsEHSS8qb//u6dalL07tZ24ovPEvH6XAry/ROG6zWuDOzgO1Tu6mb+9xv2Pu7GoS71RCLW64hU1vIHoBzpmuIQ7p9qMPCoejDy0uYm9xC2Lu/OVlrnITgk+gxe+PNDw7rrmsBe8Cw12PPwzhTsHd4G9X5qLvbBeG7zVVOw7pChnvX0Ewby8gmM5jGMpu8TP8z22Noo8iuyjveNAlD26ZqY99JJBvSiHcb3I4SC8PqLVu8aV4DyMClE83QegOsSQRr3x81A9UiBHvaLwRr1p04K9aKpfvDAIY7wNfAU8KPTDu0a35DzWI866OlQqvejQsryhQ+K7hW00Ou6ZLjsWOgy+oKlwPRpfCr2IjDs8/FCOPGdXAjyiYB69XblsPTiACz7awSu9ItERvDjPUT4D0ow9Z8HtOvfsDL0O+5E9jaiXvF+NKLxIp/46Dp/9u1pI2ztra3M7knJfPDyv07vD6r07oFsxvZ9C1DvS8U07bC76u44qOj3IFzg9gV2juyPRK77BdDS76w5+vD5WojtYlKY7AtFvO9TAn73M48U84cbhPDauxb2HZhO9rB0CPSMhRLwAvE087kK1u0j5Yzy+kN870cxqOiH5/rxQJMm8SSN2vdwnFDztP/K8v9PkO/uhKzvnpDm6Q/A4Pke4Bz1tdtC7cOKjPIqtILwNRg8+W/mAvQz1Jrtbclq74tXZu0AL6jwIQtG9ErcwPBvWXbqL7BA83/2nvCHoTLyd99+9fPDyu5XQmztWbz+6R148O3zGGTukLzu8qT/Cu+CCv7kLWUC7tGiiO1os/b2icqE6Cz2GuxPcgDzCFem9eHYMPC6RETza/Ek+ffggPAFsRj3M8Ti7k5EEvXwAoT154KE9AUnhPd/oS7y1l9+9X2jnunSb3jqDaxe7Ra2OO+g8QbrUsq2688aovXsLKDwZgLE8qITHuDlojbvEaU8953YrvKRzBr7qLvi7gU7cO1H6DjzJ2Gm74RA1OqccC7rYHia9Q6GBvcuuVj2ZBHG8c6Emu1de0TsEHSS8qb//u6dalL07tZ24ovPEvH6XAry/ROG6zWuDOzgO1Tu6mb+9xv2Pu7GoS71RCLW64hU1vIHoBzpmuIQ7p9qMPCoejDy0uYm9xC2Lu/OVlrnITgk+gxe+PNDw7rrmsBe8Cw12PPwzhTsHd4G9X5qLvbBeG7zVVOw7pChnvX0Ewby8gmM5jGMpu8TP8z22Noo8iuyjveNAlD26ZqY99JJBvSiHcb3I4SC8	2026-07-05 10:29:53.596497
41	KHAN001	2026-07-05 12:11:41.103846	\N	SALES	khan@gmail.com	t	\N	t	t	t	t	Khan	$2a$10$PRKQAae1co5uTeRPa1cMBeotchNUX6XaNqoT0sBhV/GkIe5GFOg6y	037385588	AGENT	t	2	["09:00", "17:00"]	2026-07-05 12:13:04.191	0	2026-07-05	2026-07-05 12:11:41.499327	\N	09:00:00	19:00:00	15	["MON", "TUE", "WED", "THU", "FRI"]	PqLVu8aV4DyMClE83QegOsSQRr3x81A9UiBHvaLwRr1p04K9aKpfvDAIY7wNfAU8KPTDu0a35DzWI866OlQqvejQsryhQ+K7hW00Ou6ZLjsWOgy+oKlwPRpfCr2IjDs8/FCOPGdXAjyiYB69XblsPTiACz7awSu9ItERvDjPUT4D0ow9Z8HtOvfsDL0O+5E9jaiXvF+NKLxIp/46Dp/9u1pI2ztra3M7knJfPDyv07vD6r07oFsxvZ9C1DvS8U07bC76u44qOj3IFzg9gV2juyPRK77BdDS76w5+vD5WojtYlKY7AtFvO9TAn73M48U84cbhPDauxb2HZhO9rB0CPSMhRLwAvE087kK1u0j5Yzy+kN870cxqOiH5/rxQJMm8SSN2vdwnFDztP/K8v9PkO/uhKzvnpDm6Q/A4Pke4Bz1tdtC7cOKjPIqtILwNRg8+W/mAvQz1Jrtbclq74tXZu0AL6jwIQtG9ErcwPBvWXbqL7BA83/2nvCHoTLyd99+9fPDyu5XQmztWbz+6R148O3zGGTukLzu8qT/Cu+CCv7kLWUC7tGiiO1os/b2icqE6Cz2GuxPcgDzCFem9eHYMPC6RETza/Ek+ffggPAFsRj3M8Ti7k5EEvXwAoT154KE9AUnhPd/oS7y1l9+9X2jnunSb3jqDaxe7Ra2OO+g8QbrUsq2688aovXsLKDwZgLE8qITHuDlojbvEaU8953YrvKRzBr7qLvi7gU7cO1H6DjzJ2Gm74RA1OqccC7rYHia9Q6GBvcuuVj2ZBHG8c6Emu1de0TsEHSS8qb//u6dalL07tZ24ovPEvH6XAry/ROG6zWuDOzgO1Tu6mb+9xv2Pu7GoS71RCLW64hU1vIHoBzpmuIQ7p9qMPCoejDy0uYm9xC2Lu/OVlrnITgk+gxe+PNDw7rrmsBe8Cw12PPwzhTsHd4G9X5qLvbBeG7zVVOw7pChnvX0Ewby8gmM5jGMpu8TP8z22Noo8iuyjveNAlD26ZqY99JJBvSiHcb3I4SC8PqLVu8aV4DyMClE83QegOsSQRr3x81A9UiBHvaLwRr1p04K9aKpfvDAIY7wNfAU8KPTDu0a35DzWI866OlQqvejQsryhQ+K7hW00Ou6ZLjsWOgy+oKlwPRpfCr2IjDs8/FCOPGdXAjyiYB69XblsPTiACz7awSu9ItERvDjPUT4D0ow9Z8HtOvfsDL0O+5E9jaiXvF+NKLxIp/46Dp/9u1pI2ztra3M7knJfPDyv07vD6r07oFsxvZ9C1DvS8U07bC76u44qOj3IFzg9gV2juyPRK77BdDS76w5+vD5WojtYlKY7AtFvO9TAn73M48U84cbhPDauxb2HZhO9rB0CPSMhRLwAvE087kK1u0j5Yzy+kN870cxqOiH5/rxQJMm8SSN2vdwnFDztP/K8v9PkO/uhKzvnpDm6Q/A4Pke4Bz1tdtC7cOKjPIqtILwNRg8+W/mAvQz1Jrtbclq74tXZu0AL6jwIQtG9ErcwPBvWXbqL7BA83/2nvCHoTLyd99+9fPDyu5XQmztWbz+6R148O3zGGTukLzu8qT/Cu+CCv7kLWUC7tGiiO1os/b2icqE6Cz2GuxPcgDzCFem9eHYMPC6RETza/Ek+ffggPAFsRj3M8Ti7k5EEvXwAoT154KE9AUnhPd/oS7y1l9+9X2jnunSb3jqDaxe7Ra2OO+g8QbrUsq2688aovXsLKDwZgLE8qITHuDlojbvEaU8953YrvKRzBr7qLvi7gU7cO1H6DjzJ2Gm74RA1OqccC7rYHia9Q6GBvcuuVj2ZBHG8c6Emu1de0TsEHSS8qb//u6dalL07tZ24ovPEvH6XAry/ROG6zWuDOzgO1Tu6mb+9xv2Pu7GoS71RCLW64hU1vIHoBzpmuIQ7p9qMPCoejDy0uYm9xC2Lu/OVlrnITgk+gxe+PNDw7rrmsBe8Cw12PPwzhTsHd4G9X5qLvbBeG7zVVOw7pChnvX0Ewby8gmM5jGMpu8TP8z22Noo8iuyjveNAlD26ZqY99JJBvSiHcb3I4SC8	2026-07-05 12:11:41.499327
36	SHAFAY001	2026-07-04 21:55:53.399818	\N	SALES	shafay@gmail.com	t	\N	t	t	t	t	Shafay	$2a$10$n.m3FhPdbRb.nyZ0PsjRB.o3aDn4r4ODbRIJ3Y.Ut68tbV5x7uFxS	024858494	AGENT	t	2	["09:00", "17:00"]	2026-07-05 12:14:13.302	0	2026-07-05	2026-07-04 21:55:53.675603	\N	09:00:00	17:00:00	15	["MON", "TUE", "WED", "THU", "FRI", "SAT"]	PqLVu8aV4DyMClE83QegOsSQRr3x81A9UiBHvaLwRr1p04K9aKpfvDAIY7wNfAU8KPTDu0a35DzWI866OlQqvejQsryhQ+K7hW00Ou6ZLjsWOgy+oKlwPRpfCr2IjDs8/FCOPGdXAjyiYB69XblsPTiACz7awSu9ItERvDjPUT4D0ow9Z8HtOvfsDL0O+5E9jaiXvF+NKLxIp/46Dp/9u1pI2ztra3M7knJfPDyv07vD6r07oFsxvZ9C1DvS8U07bC76u44qOj3IFzg9gV2juyPRK77BdDS76w5+vD5WojtYlKY7AtFvO9TAn73M48U84cbhPDauxb2HZhO9rB0CPSMhRLwAvE087kK1u0j5Yzy+kN870cxqOiH5/rxQJMm8SSN2vdwnFDztP/K8v9PkO/uhKzvnpDm6Q/A4Pke4Bz1tdtC7cOKjPIqtILwNRg8+W/mAvQz1Jrtbclq74tXZu0AL6jwIQtG9ErcwPBvWXbqL7BA83/2nvCHoTLyd99+9fPDyu5XQmztWbz+6R148O3zGGTukLzu8qT/Cu+CCv7kLWUC7tGiiO1os/b2icqE6Cz2GuxPcgDzCFem9eHYMPC6RETza/Ek+ffggPAFsRj3M8Ti7k5EEvXwAoT154KE9AUnhPd/oS7y1l9+9X2jnunSb3jqDaxe7Ra2OO+g8QbrUsq2688aovXsLKDwZgLE8qITHuDlojbvEaU8953YrvKRzBr7qLvi7gU7cO1H6DjzJ2Gm74RA1OqccC7rYHia9Q6GBvcuuVj2ZBHG8c6Emu1de0TsEHSS8qb//u6dalL07tZ24ovPEvH6XAry/ROG6zWuDOzgO1Tu6mb+9xv2Pu7GoS71RCLW64hU1vIHoBzpmuIQ7p9qMPCoejDy0uYm9xC2Lu/OVlrnITgk+gxe+PNDw7rrmsBe8Cw12PPwzhTsHd4G9X5qLvbBeG7zVVOw7pChnvX0Ewby8gmM5jGMpu8TP8z22Noo8iuyjveNAlD26ZqY99JJBvSiHcb3I4SC8PqLVu8aV4DyMClE83QegOsSQRr3x81A9UiBHvaLwRr1p04K9aKpfvDAIY7wNfAU8KPTDu0a35DzWI866OlQqvejQsryhQ+K7hW00Ou6ZLjsWOgy+oKlwPRpfCr2IjDs8/FCOPGdXAjyiYB69XblsPTiACz7awSu9ItERvDjPUT4D0ow9Z8HtOvfsDL0O+5E9jaiXvF+NKLxIp/46Dp/9u1pI2ztra3M7knJfPDyv07vD6r07oFsxvZ9C1DvS8U07bC76u44qOj3IFzg9gV2juyPRK77BdDS76w5+vD5WojtYlKY7AtFvO9TAn73M48U84cbhPDauxb2HZhO9rB0CPSMhRLwAvE087kK1u0j5Yzy+kN870cxqOiH5/rxQJMm8SSN2vdwnFDztP/K8v9PkO/uhKzvnpDm6Q/A4Pke4Bz1tdtC7cOKjPIqtILwNRg8+W/mAvQz1Jrtbclq74tXZu0AL6jwIQtG9ErcwPBvWXbqL7BA83/2nvCHoTLyd99+9fPDyu5XQmztWbz+6R148O3zGGTukLzu8qT/Cu+CCv7kLWUC7tGiiO1os/b2icqE6Cz2GuxPcgDzCFem9eHYMPC6RETza/Ek+ffggPAFsRj3M8Ti7k5EEvXwAoT154KE9AUnhPd/oS7y1l9+9X2jnunSb3jqDaxe7Ra2OO+g8QbrUsq2688aovXsLKDwZgLE8qITHuDlojbvEaU8953YrvKRzBr7qLvi7gU7cO1H6DjzJ2Gm74RA1OqccC7rYHia9Q6GBvcuuVj2ZBHG8c6Emu1de0TsEHSS8qb//u6dalL07tZ24ovPEvH6XAry/ROG6zWuDOzgO1Tu6mb+9xv2Pu7GoS71RCLW64hU1vIHoBzpmuIQ7p9qMPCoejDy0uYm9xC2Lu/OVlrnITgk+gxe+PNDw7rrmsBe8Cw12PPwzhTsHd4G9X5qLvbBeG7zVVOw7pChnvX0Ewby8gmM5jGMpu8TP8z22Noo8iuyjveNAlD26ZqY99JJBvSiHcb3I4SC8	2026-07-04 21:55:53.675603
46	FAHAD001	2026-07-05 17:53:34.405745	\N	SALES	fahad@gmail.com	t	\N	t	t	t	t	fahad	$2a$10$VhqX/2TnPUlxH2Qpq5CeMupYmSCw3WKgB.Nwh9L8exq/NV1gaEqni	0329183848	AGENT	t	2	["09:00", "17:00"]	2026-07-05 17:55:37.793	0	2026-07-05	2026-07-05 17:53:35.009035	\N	09:00:00	20:00:00	5	["MON", "TUE", "WED", "THU", "FRI"]	PqLVu8aV4DyMClE83QegOsSQRr3x81A9UiBHvaLwRr1p04K9aKpfvDAIY7wNfAU8KPTDu0a35DzWI866OlQqvejQsryhQ+K7hW00Ou6ZLjsWOgy+oKlwPRpfCr2IjDs8/FCOPGdXAjyiYB69XblsPTiACz7awSu9ItERvDjPUT4D0ow9Z8HtOvfsDL0O+5E9jaiXvF+NKLxIp/46Dp/9u1pI2ztra3M7knJfPDyv07vD6r07oFsxvZ9C1DvS8U07bC76u44qOj3IFzg9gV2juyPRK77BdDS76w5+vD5WojtYlKY7AtFvO9TAn73M48U84cbhPDauxb2HZhO9rB0CPSMhRLwAvE087kK1u0j5Yzy+kN870cxqOiH5/rxQJMm8SSN2vdwnFDztP/K8v9PkO/uhKzvnpDm6Q/A4Pke4Bz1tdtC7cOKjPIqtILwNRg8+W/mAvQz1Jrtbclq74tXZu0AL6jwIQtG9ErcwPBvWXbqL7BA83/2nvCHoTLyd99+9fPDyu5XQmztWbz+6R148O3zGGTukLzu8qT/Cu+CCv7kLWUC7tGiiO1os/b2icqE6Cz2GuxPcgDzCFem9eHYMPC6RETza/Ek+ffggPAFsRj3M8Ti7k5EEvXwAoT154KE9AUnhPd/oS7y1l9+9X2jnunSb3jqDaxe7Ra2OO+g8QbrUsq2688aovXsLKDwZgLE8qITHuDlojbvEaU8953YrvKRzBr7qLvi7gU7cO1H6DjzJ2Gm74RA1OqccC7rYHia9Q6GBvcuuVj2ZBHG8c6Emu1de0TsEHSS8qb//u6dalL07tZ24ovPEvH6XAry/ROG6zWuDOzgO1Tu6mb+9xv2Pu7GoS71RCLW64hU1vIHoBzpmuIQ7p9qMPCoejDy0uYm9xC2Lu/OVlrnITgk+gxe+PNDw7rrmsBe8Cw12PPwzhTsHd4G9X5qLvbBeG7zVVOw7pChnvX0Ewby8gmM5jGMpu8TP8z22Noo8iuyjveNAlD26ZqY99JJBvSiHcb3I4SC8PqLVu8aV4DyMClE83QegOsSQRr3x81A9UiBHvaLwRr1p04K9aKpfvDAIY7wNfAU8KPTDu0a35DzWI866OlQqvejQsryhQ+K7hW00Ou6ZLjsWOgy+oKlwPRpfCr2IjDs8/FCOPGdXAjyiYB69XblsPTiACz7awSu9ItERvDjPUT4D0ow9Z8HtOvfsDL0O+5E9jaiXvF+NKLxIp/46Dp/9u1pI2ztra3M7knJfPDyv07vD6r07oFsxvZ9C1DvS8U07bC76u44qOj3IFzg9gV2juyPRK77BdDS76w5+vD5WojtYlKY7AtFvO9TAn73M48U84cbhPDauxb2HZhO9rB0CPSMhRLwAvE087kK1u0j5Yzy+kN870cxqOiH5/rxQJMm8SSN2vdwnFDztP/K8v9PkO/uhKzvnpDm6Q/A4Pke4Bz1tdtC7cOKjPIqtILwNRg8+W/mAvQz1Jrtbclq74tXZu0AL6jwIQtG9ErcwPBvWXbqL7BA83/2nvCHoTLyd99+9fPDyu5XQmztWbz+6R148O3zGGTukLzu8qT/Cu+CCv7kLWUC7tGiiO1os/b2icqE6Cz2GuxPcgDzCFem9eHYMPC6RETza/Ek+ffggPAFsRj3M8Ti7k5EEvXwAoT154KE9AUnhPd/oS7y1l9+9X2jnunSb3jqDaxe7Ra2OO+g8QbrUsq2688aovXsLKDwZgLE8qITHuDlojbvEaU8953YrvKRzBr7qLvi7gU7cO1H6DjzJ2Gm74RA1OqccC7rYHia9Q6GBvcuuVj2ZBHG8c6Emu1de0TsEHSS8qb//u6dalL07tZ24ovPEvH6XAry/ROG6zWuDOzgO1Tu6mb+9xv2Pu7GoS71RCLW64hU1vIHoBzpmuIQ7p9qMPCoejDy0uYm9xC2Lu/OVlrnITgk+gxe+PNDw7rrmsBe8Cw12PPwzhTsHd4G9X5qLvbBeG7zVVOw7pChnvX0Ewby8gmM5jGMpu8TP8z22Noo8iuyjveNAlD26ZqY99JJBvSiHcb3I4SC8	2026-07-05 17:53:35.009035
47	ADMIN001	2026-07-07 11:24:15.843773	SYSTEM	MANAGEMENT	admin@attendance.com	\N	\N	\N	\N	\N	t	System Admin	$2b$10$8ej3g8FV/0OCwUYDLxYH7OY798cfyOBOqsUXmaXwS0RDY/BaM1a9C	1234567890	ADMIN	t	2	\N	\N	0	\N	\N	\N	\N	\N	15	\N	\N	\N
50	TEST002	2026-07-07 11:39:27.600468	\N	SALES	test1@gmail.com	t	\N	t	t	t	t	Test	$2a$10$7p1pfwvqzrSZ8zawZWQVuOLrnQtSQst0C4MLKX0XelNOkjeXcMjm2	0381834	AGENT	t	2	["09:00", "17:00"]	2026-07-07 11:41:34.854	2	2026-07-07	2026-07-07 11:39:28.092912	\N	09:00:00	17:00:00	5	["MON", "TUE", "WED", "THU", "FRI"]	PqLVu8aV4DyMClE83QegOsSQRr3x81A9UiBHvaLwRr1p04K9aKpfvDAIY7wNfAU8KPTDu0a35DzWI866OlQqvejQsryhQ+K7hW00Ou6ZLjsWOgy+oKlwPRpfCr2IjDs8/FCOPGdXAjyiYB69XblsPTiACz7awSu9ItERvDjPUT4D0ow9Z8HtOvfsDL0O+5E9jaiXvF+NKLxIp/46Dp/9u1pI2ztra3M7knJfPDyv07vD6r07oFsxvZ9C1DvS8U07bC76u44qOj3IFzg9gV2juyPRK77BdDS76w5+vD5WojtYlKY7AtFvO9TAn73M48U84cbhPDauxb2HZhO9rB0CPSMhRLwAvE087kK1u0j5Yzy+kN870cxqOiH5/rxQJMm8SSN2vdwnFDztP/K8v9PkO/uhKzvnpDm6Q/A4Pke4Bz1tdtC7cOKjPIqtILwNRg8+W/mAvQz1Jrtbclq74tXZu0AL6jwIQtG9ErcwPBvWXbqL7BA83/2nvCHoTLyd99+9fPDyu5XQmztWbz+6R148O3zGGTukLzu8qT/Cu+CCv7kLWUC7tGiiO1os/b2icqE6Cz2GuxPcgDzCFem9eHYMPC6RETza/Ek+ffggPAFsRj3M8Ti7k5EEvXwAoT154KE9AUnhPd/oS7y1l9+9X2jnunSb3jqDaxe7Ra2OO+g8QbrUsq2688aovXsLKDwZgLE8qITHuDlojbvEaU8953YrvKRzBr7qLvi7gU7cO1H6DjzJ2Gm74RA1OqccC7rYHia9Q6GBvcuuVj2ZBHG8c6Emu1de0TsEHSS8qb//u6dalL07tZ24ovPEvH6XAry/ROG6zWuDOzgO1Tu6mb+9xv2Pu7GoS71RCLW64hU1vIHoBzpmuIQ7p9qMPCoejDy0uYm9xC2Lu/OVlrnITgk+gxe+PNDw7rrmsBe8Cw12PPwzhTsHd4G9X5qLvbBeG7zVVOw7pChnvX0Ewby8gmM5jGMpu8TP8z22Noo8iuyjveNAlD26ZqY99JJBvSiHcb3I4SC8PqLVu8aV4DyMClE83QegOsSQRr3x81A9UiBHvaLwRr1p04K9aKpfvDAIY7wNfAU8KPTDu0a35DzWI866OlQqvejQsryhQ+K7hW00Ou6ZLjsWOgy+oKlwPRpfCr2IjDs8/FCOPGdXAjyiYB69XblsPTiACz7awSu9ItERvDjPUT4D0ow9Z8HtOvfsDL0O+5E9jaiXvF+NKLxIp/46Dp/9u1pI2ztra3M7knJfPDyv07vD6r07oFsxvZ9C1DvS8U07bC76u44qOj3IFzg9gV2juyPRK77BdDS76w5+vD5WojtYlKY7AtFvO9TAn73M48U84cbhPDauxb2HZhO9rB0CPSMhRLwAvE087kK1u0j5Yzy+kN870cxqOiH5/rxQJMm8SSN2vdwnFDztP/K8v9PkO/uhKzvnpDm6Q/A4Pke4Bz1tdtC7cOKjPIqtILwNRg8+W/mAvQz1Jrtbclq74tXZu0AL6jwIQtG9ErcwPBvWXbqL7BA83/2nvCHoTLyd99+9fPDyu5XQmztWbz+6R148O3zGGTukLzu8qT/Cu+CCv7kLWUC7tGiiO1os/b2icqE6Cz2GuxPcgDzCFem9eHYMPC6RETza/Ek+ffggPAFsRj3M8Ti7k5EEvXwAoT154KE9AUnhPd/oS7y1l9+9X2jnunSb3jqDaxe7Ra2OO+g8QbrUsq2688aovXsLKDwZgLE8qITHuDlojbvEaU8953YrvKRzBr7qLvi7gU7cO1H6DjzJ2Gm74RA1OqccC7rYHia9Q6GBvcuuVj2ZBHG8c6Emu1de0TsEHSS8qb//u6dalL07tZ24ovPEvH6XAry/ROG6zWuDOzgO1Tu6mb+9xv2Pu7GoS71RCLW64hU1vIHoBzpmuIQ7p9qMPCoejDy0uYm9xC2Lu/OVlrnITgk+gxe+PNDw7rrmsBe8Cw12PPwzhTsHd4G9X5qLvbBeG7zVVOw7pChnvX0Ewby8gmM5jGMpu8TP8z22Noo8iuyjveNAlD26ZqY99JJBvSiHcb3I4SC8	2026-07-07 11:39:28.092912
52	TEST004	2026-07-07 21:01:18.120199	\N	SALES	testjs@gmail.com	t	\N	t	t	t	t	Test	$2a$10$THpFiv6w6fMMoP3bT0tOIuI0xGfWCiMMVECYlqp/6gF9c9ew6hMxm	03845995	AGENT	t	2	["09:00", "17:00"]	\N	0	2026-07-07	2026-07-07 21:01:18.68024	\N	09:00:00	17:00:00	3	["MON", "TUE", "WED", "THU", "FRI"]	PqLVu8aV4DyMClE83QegOsSQRr3x81A9UiBHvaLwRr1p04K9aKpfvDAIY7wNfAU8KPTDu0a35DzWI866OlQqvejQsryhQ+K7hW00Ou6ZLjsWOgy+oKlwPRpfCr2IjDs8/FCOPGdXAjyiYB69XblsPTiACz7awSu9ItERvDjPUT4D0ow9Z8HtOvfsDL0O+5E9jaiXvF+NKLxIp/46Dp/9u1pI2ztra3M7knJfPDyv07vD6r07oFsxvZ9C1DvS8U07bC76u44qOj3IFzg9gV2juyPRK77BdDS76w5+vD5WojtYlKY7AtFvO9TAn73M48U84cbhPDauxb2HZhO9rB0CPSMhRLwAvE087kK1u0j5Yzy+kN870cxqOiH5/rxQJMm8SSN2vdwnFDztP/K8v9PkO/uhKzvnpDm6Q/A4Pke4Bz1tdtC7cOKjPIqtILwNRg8+W/mAvQz1Jrtbclq74tXZu0AL6jwIQtG9ErcwPBvWXbqL7BA83/2nvCHoTLyd99+9fPDyu5XQmztWbz+6R148O3zGGTukLzu8qT/Cu+CCv7kLWUC7tGiiO1os/b2icqE6Cz2GuxPcgDzCFem9eHYMPC6RETza/Ek+ffggPAFsRj3M8Ti7k5EEvXwAoT154KE9AUnhPd/oS7y1l9+9X2jnunSb3jqDaxe7Ra2OO+g8QbrUsq2688aovXsLKDwZgLE8qITHuDlojbvEaU8953YrvKRzBr7qLvi7gU7cO1H6DjzJ2Gm74RA1OqccC7rYHia9Q6GBvcuuVj2ZBHG8c6Emu1de0TsEHSS8qb//u6dalL07tZ24ovPEvH6XAry/ROG6zWuDOzgO1Tu6mb+9xv2Pu7GoS71RCLW64hU1vIHoBzpmuIQ7p9qMPCoejDy0uYm9xC2Lu/OVlrnITgk+gxe+PNDw7rrmsBe8Cw12PPwzhTsHd4G9X5qLvbBeG7zVVOw7pChnvX0Ewby8gmM5jGMpu8TP8z22Noo8iuyjveNAlD26ZqY99JJBvSiHcb3I4SC8PqLVu8aV4DyMClE83QegOsSQRr3x81A9UiBHvaLwRr1p04K9aKpfvDAIY7wNfAU8KPTDu0a35DzWI866OlQqvejQsryhQ+K7hW00Ou6ZLjsWOgy+oKlwPRpfCr2IjDs8/FCOPGdXAjyiYB69XblsPTiACz7awSu9ItERvDjPUT4D0ow9Z8HtOvfsDL0O+5E9jaiXvF+NKLxIp/46Dp/9u1pI2ztra3M7knJfPDyv07vD6r07oFsxvZ9C1DvS8U07bC76u44qOj3IFzg9gV2juyPRK77BdDS76w5+vD5WojtYlKY7AtFvO9TAn73M48U84cbhPDauxb2HZhO9rB0CPSMhRLwAvE087kK1u0j5Yzy+kN870cxqOiH5/rxQJMm8SSN2vdwnFDztP/K8v9PkO/uhKzvnpDm6Q/A4Pke4Bz1tdtC7cOKjPIqtILwNRg8+W/mAvQz1Jrtbclq74tXZu0AL6jwIQtG9ErcwPBvWXbqL7BA83/2nvCHoTLyd99+9fPDyu5XQmztWbz+6R148O3zGGTukLzu8qT/Cu+CCv7kLWUC7tGiiO1os/b2icqE6Cz2GuxPcgDzCFem9eHYMPC6RETza/Ek+ffggPAFsRj3M8Ti7k5EEvXwAoT154KE9AUnhPd/oS7y1l9+9X2jnunSb3jqDaxe7Ra2OO+g8QbrUsq2688aovXsLKDwZgLE8qITHuDlojbvEaU8953YrvKRzBr7qLvi7gU7cO1H6DjzJ2Gm74RA1OqccC7rYHia9Q6GBvcuuVj2ZBHG8c6Emu1de0TsEHSS8qb//u6dalL07tZ24ovPEvH6XAry/ROG6zWuDOzgO1Tu6mb+9xv2Pu7GoS71RCLW64hU1vIHoBzpmuIQ7p9qMPCoejDy0uYm9xC2Lu/OVlrnITgk+gxe+PNDw7rrmsBe8Cw12PPwzhTsHd4G9X5qLvbBeG7zVVOw7pChnvX0Ewby8gmM5jGMpu8TP8z22Noo8iuyjveNAlD26ZqY99JJBvSiHcb3I4SC8	2026-07-07 21:01:18.68024
51	TEST003	2026-07-07 16:20:44.419071	\N	SALES	test00@gmail.com	t	\N	t	t	t	t	TEST	$2a$10$zWEWNoqDtjL7kdiQmpxK2uYp71gFphO/NWWrAl1LDgcE6Kuc/DBTS	03649578	AGENT	t	2	["09:00", "17:00"]	2026-07-07 20:59:28.418	6	2026-07-07	2026-07-07 16:20:44.919393	\N	09:00:00	17:00:00	5	["MON", "TUE", "WED", "THU", "FRI"]	PqLVu8aV4DyMClE83QegOsSQRr3x81A9UiBHvaLwRr1p04K9aKpfvDAIY7wNfAU8KPTDu0a35DzWI866OlQqvejQsryhQ+K7hW00Ou6ZLjsWOgy+oKlwPRpfCr2IjDs8/FCOPGdXAjyiYB69XblsPTiACz7awSu9ItERvDjPUT4D0ow9Z8HtOvfsDL0O+5E9jaiXvF+NKLxIp/46Dp/9u1pI2ztra3M7knJfPDyv07vD6r07oFsxvZ9C1DvS8U07bC76u44qOj3IFzg9gV2juyPRK77BdDS76w5+vD5WojtYlKY7AtFvO9TAn73M48U84cbhPDauxb2HZhO9rB0CPSMhRLwAvE087kK1u0j5Yzy+kN870cxqOiH5/rxQJMm8SSN2vdwnFDztP/K8v9PkO/uhKzvnpDm6Q/A4Pke4Bz1tdtC7cOKjPIqtILwNRg8+W/mAvQz1Jrtbclq74tXZu0AL6jwIQtG9ErcwPBvWXbqL7BA83/2nvCHoTLyd99+9fPDyu5XQmztWbz+6R148O3zGGTukLzu8qT/Cu+CCv7kLWUC7tGiiO1os/b2icqE6Cz2GuxPcgDzCFem9eHYMPC6RETza/Ek+ffggPAFsRj3M8Ti7k5EEvXwAoT154KE9AUnhPd/oS7y1l9+9X2jnunSb3jqDaxe7Ra2OO+g8QbrUsq2688aovXsLKDwZgLE8qITHuDlojbvEaU8953YrvKRzBr7qLvi7gU7cO1H6DjzJ2Gm74RA1OqccC7rYHia9Q6GBvcuuVj2ZBHG8c6Emu1de0TsEHSS8qb//u6dalL07tZ24ovPEvH6XAry/ROG6zWuDOzgO1Tu6mb+9xv2Pu7GoS71RCLW64hU1vIHoBzpmuIQ7p9qMPCoejDy0uYm9xC2Lu/OVlrnITgk+gxe+PNDw7rrmsBe8Cw12PPwzhTsHd4G9X5qLvbBeG7zVVOw7pChnvX0Ewby8gmM5jGMpu8TP8z22Noo8iuyjveNAlD26ZqY99JJBvSiHcb3I4SC8PqLVu8aV4DyMClE83QegOsSQRr3x81A9UiBHvaLwRr1p04K9aKpfvDAIY7wNfAU8KPTDu0a35DzWI866OlQqvejQsryhQ+K7hW00Ou6ZLjsWOgy+oKlwPRpfCr2IjDs8/FCOPGdXAjyiYB69XblsPTiACz7awSu9ItERvDjPUT4D0ow9Z8HtOvfsDL0O+5E9jaiXvF+NKLxIp/46Dp/9u1pI2ztra3M7knJfPDyv07vD6r07oFsxvZ9C1DvS8U07bC76u44qOj3IFzg9gV2juyPRK77BdDS76w5+vD5WojtYlKY7AtFvO9TAn73M48U84cbhPDauxb2HZhO9rB0CPSMhRLwAvE087kK1u0j5Yzy+kN870cxqOiH5/rxQJMm8SSN2vdwnFDztP/K8v9PkO/uhKzvnpDm6Q/A4Pke4Bz1tdtC7cOKjPIqtILwNRg8+W/mAvQz1Jrtbclq74tXZu0AL6jwIQtG9ErcwPBvWXbqL7BA83/2nvCHoTLyd99+9fPDyu5XQmztWbz+6R148O3zGGTukLzu8qT/Cu+CCv7kLWUC7tGiiO1os/b2icqE6Cz2GuxPcgDzCFem9eHYMPC6RETza/Ek+ffggPAFsRj3M8Ti7k5EEvXwAoT154KE9AUnhPd/oS7y1l9+9X2jnunSb3jqDaxe7Ra2OO+g8QbrUsq2688aovXsLKDwZgLE8qITHuDlojbvEaU8953YrvKRzBr7qLvi7gU7cO1H6DjzJ2Gm74RA1OqccC7rYHia9Q6GBvcuuVj2ZBHG8c6Emu1de0TsEHSS8qb//u6dalL07tZ24ovPEvH6XAry/ROG6zWuDOzgO1Tu6mb+9xv2Pu7GoS71RCLW64hU1vIHoBzpmuIQ7p9qMPCoejDy0uYm9xC2Lu/OVlrnITgk+gxe+PNDw7rrmsBe8Cw12PPwzhTsHd4G9X5qLvbBeG7zVVOw7pChnvX0Ewby8gmM5jGMpu8TP8z22Noo8iuyjveNAlD26ZqY99JJBvSiHcb3I4SC8	2026-07-07 16:20:44.919393
\.


--
-- Data for Name: attendance; Type: TABLE DATA; Schema: public; Owner: -
--

COPY public.attendance (id, check_in_latitude, check_in_longitude, check_in_time, check_out_latitude, check_out_longitude, check_out_time, distance_from_mart, mid_day_verification_time, status, agent_id, mart_id, shift_start_time, shift_end_time, late_minutes, face_verified_checkin, face_verified_checkout) FROM stdin;
7	33.5465318	73.0528603	2026-07-04 21:52:45.076235	\N	\N	2026-07-04 23:59:00.015595	5.000538728992627	\N	AUTO_CHECKOUT	33	3	09:00:00	17:00:00	757	t	f
8	33.5465318	73.0528603	2026-07-04 21:56:21.441482	\N	\N	2026-07-04 23:59:00.053425	5.000538728992627	\N	AUTO_CHECKOUT	36	3	09:00:00	17:00:00	761	t	f
9	33.5465399	73.0528871	2026-07-04 22:02:28.875061	\N	\N	2026-07-04 23:59:00.083698	0	\N	AUTO_CHECKOUT	37	4	09:00:00	17:00:00	767	t	f
15	33.5443125	73.0535961	2026-07-05 12:27:58.308908	33.5443091	73.0534879	2026-07-05 12:29:03.617633	251.34351012776946	\N	NON_WORKING_DAY	42	3	09:00:00	20:00:00	192	t	f
16	33.5443104	73.0535645	2026-07-05 12:31:36.121916	33.5442612	73.05337	2026-07-05 12:32:17.751947	250.78509836929547	\N	NON_WORKING_DAY	42	3	09:00:00	20:00:00	196	t	f
17	33.5464383	73.0533033	2026-07-05 12:36:36.461339	33.5449783	73.0535233	2026-07-05 13:55:05.963017	41.84207908739301	\N	NON_WORKING_DAY	42	3	09:00:00	20:00:00	201	f	f
18	33.546335	73.05317	2026-07-05 13:55:16.600532	33.54589	73.0537717	2026-07-05 13:58:09.935094	33.684047201539194	\N	NON_WORKING_DAY	42	3	09:00:00	20:00:00	280	f	f
21	33.5464749	73.0528614	2026-07-05 17:55:15.873826	33.5473189	73.045858	2026-07-05 17:55:28.621528	1.4488531168847598	\N	NON_WORKING_DAY	46	3	09:00:00	20:00:00	530	f	f
22	34.0749167	73.64842	2026-07-05 17:55:40.170636	33.5480367	73.038965	2026-07-05 17:55:40.397258	79750.74369677622	\N	NON_WORKING_DAY	46	1	09:00:00	20:00:00	530	t	f
10	33.5464923	73.0528633	2026-07-05 10:27:37.988214	\N	\N	2026-07-05 23:59:00.119222	0.9254860396704291	\N	AUTO_CHECKOUT	37	3	09:00:00	17:00:00	72	f	f
11	33.5464923	73.0528633	2026-07-05 10:27:37.983779	\N	\N	2026-07-05 23:59:00.335014	0.9254860396704291	\N	AUTO_CHECKOUT	37	3	09:00:00	17:00:00	72	f	f
12	33.5465626	73.0529066	2026-07-05 10:30:12.090733	\N	\N	2026-07-05 23:59:00.525305	9.64391555158016	\N	AUTO_CHECKOUT	38	3	09:00:00	17:00:00	75	f	f
13	33.5464982	73.0528613	2026-07-05 12:11:59.338803	\N	\N	2026-07-05 23:59:00.632799	1.3527819158171266	\N	AUTO_CHECKOUT	41	3	09:00:00	19:00:00	176	f	f
14	33.546504	73.0528952	2026-07-05 12:13:47.188513	\N	\N	2026-07-05 23:59:00.73885	4.128122188856905	\N	AUTO_CHECKOUT	36	3	09:00:00	17:00:00	178	f	f
19	33.5463787	73.0531232	2026-07-05 13:58:20.336873	\N	\N	2026-07-05 23:59:00.778314	27.568811172322885	\N	AUTO_CHECKOUT	42	3	09:00:00	20:00:00	283	f	f
23	33.5465183	73.052891	2026-07-05 17:55:41.432912	\N	\N	2026-07-05 23:59:00.853474	4.78287853773397	\N	AUTO_CHECKOUT	46	3	09:00:00	20:00:00	530	f	f
24	33.5465215	73.0528554	2026-07-07 11:39:50.078597	33.546511	73.0528595	2026-07-07 11:41:37.222723	3.836269744434721	2026-07-07 11:41:08.022325	LATE	50	3	09:00:00	17:00:00	154	f	t
25	33.5464967	73.0529039	2026-07-07 16:21:02.73085	33.5463617	73.05295	2026-07-07 16:23:54.008354	4.604273323234679	2026-07-07 16:23:09.667878	LATE	51	3	09:00:00	17:00:00	436	f	t
26	33.5465382	73.0529103	2026-07-07 16:24:16.534443	33.5465325	73.0528895	2026-07-07 20:59:30.829876	7.6229776644763225	2026-07-07 20:59:07.693662	LATE	51	3	09:00:00	17:00:00	439	t	t
\.


--
-- Data for Name: audit_logs; Type: TABLE DATA; Schema: public; Owner: -
--

COPY public.audit_logs (id, action, details, ip_address, status, "timestamp", username) FROM stdin;
1	LOGIN	Missing credentials	104.23.243.65	FAILED	2026-07-02 19:06:38.700044	UNKNOWN
2	LOGIN	Invalid agentId or password or user is inactive	104.23.243.250	FAILED	2026-07-02 19:07:55.117923	your_actual_agent_id
3	LOGIN	Missing credentials	172.69.244.144	FAILED	2026-07-02 19:17:35.524901	UNKNOWN
4	LOGIN	Missing credentials	104.23.243.149	FAILED	2026-07-02 19:19:18.654046	UNKNOWN
5	LOGIN	Invalid agentId or password or user is inactive	104.23.243.215	FAILED	2026-07-02 19:19:48.23737	admin
6	LOGIN	Login successful	172.69.244.144	SUCCESS	2026-07-02 19:21:53.817687	AGENT001
7	LOGIN	Invalid agentId or password or user is inactive	104.23.243.182	FAILED	2026-07-03 06:20:14.537121	ADMIN001
8	LOGIN	Invalid agentId or password or user is inactive	104.23.243.183	FAILED	2026-07-03 06:20:43.451195	ADMIN001
9	LOGIN	Login successful	104.23.243.186	SUCCESS	2026-07-03 06:21:20.105562	AGENT001
10	LOGIN	Invalid agentId or password or user is inactive	104.23.243.57	FAILED	2026-07-03 06:30:34.185924	ADMIN001
11	LOGIN	Login successful	104.23.243.114	SUCCESS	2026-07-03 06:57:24.933102	ADMIN001
12	LOGIN	Login successful	104.23.243.114	SUCCESS	2026-07-03 06:59:04.826549	ADMIN001
13	LOGIN	Login successful	104.23.243.115	SUCCESS	2026-07-03 07:00:05.234428	ADMIN001
14	LOGIN	Login successful	104.23.243.115	SUCCESS	2026-07-03 07:00:58.028921	ADMIN001
15	LOGIN	Login successful	104.23.243.115	SUCCESS	2026-07-03 07:03:14.333168	ASIF001
16	LOGIN	Login successful	172.69.244.145	SUCCESS	2026-07-03 07:16:36.730907	SALES001
17	LOGIN	Login successful	104.23.243.115	SUCCESS	2026-07-03 07:16:43.812794	HR001
18	LOGIN	Login successful	104.23.243.206	SUCCESS	2026-07-03 07:58:48.036057	ADMIN001
19	LOGIN	Login successful	172.69.244.145	SUCCESS	2026-07-03 07:59:54.329477	SALEEM001
20	LOGIN	Login successful	104.23.243.114	SUCCESS	2026-07-03 09:06:29.237224	ADMIN001
21	LOGIN	Login successful	104.23.243.135	SUCCESS	2026-07-03 09:22:45.830756	ASIF001
22	LOGIN	Login successful	104.23.243.135	SUCCESS	2026-07-03 09:23:58.547545	ADMIN001
23	LOGIN	Login successful	104.23.243.7	SUCCESS	2026-07-03 21:38:06.99569	ADMIN001
24	LOGIN	Login successful	104.23.243.7	SUCCESS	2026-07-03 22:16:53.174372	SALEEM001
25	LOGIN	Login successful	104.23.243.7	SUCCESS	2026-07-03 23:26:23.3147	ADMIN001
26	LOGIN	Login successful	104.23.243.6	SUCCESS	2026-07-03 23:29:06.845934	ASIF001
27	LOGIN	Login successful	104.23.243.7	SUCCESS	2026-07-03 23:30:55.546529	SALEEM001
28	LOGIN	Login successful	104.23.243.7	SUCCESS	2026-07-03 23:32:12.138975	ADMIN001
29	LOGIN	Invalid agentId or password or user is inactive	104.23.243.7	FAILED	2026-07-03 23:36:08.649765	HR001
30	LOGIN	Login successful	104.23.243.6	SUCCESS	2026-07-03 23:36:22.320159	HR005
31	LOGIN	Login successful	104.23.243.6	SUCCESS	2026-07-04 13:18:30.519366	ADMIN001
32	LOGIN	Login successful	104.23.243.6	SUCCESS	2026-07-04 14:19:09.036266	EHTISHAM001
33	LOGIN	Login successful	172.69.244.145	SUCCESS	2026-07-04 14:20:02.463969	ADMIN001
34	LOGIN	Login successful	104.23.243.6	SUCCESS	2026-07-04 14:21:11.658485	EHTISHAM001
35	LOGIN	Login successful	104.23.243.7	SUCCESS	2026-07-04 14:22:01.079634	ADMIN001
36	LOGIN	Login successful	104.23.243.7	SUCCESS	2026-07-04 14:22:51.941421	EHTISHAM001
37	LOGIN	Login successful	104.23.243.223	SUCCESS	2026-07-04 16:03:51.648075	ADMIN001
38	LOGIN	Login successful	104.23.243.6	SUCCESS	2026-07-04 16:05:58.770587	RAFAY001
39	LOGIN	Login successful	104.23.243.6	SUCCESS	2026-07-04 16:08:01.474859	RAFAY001
40	LOGIN	Login successful	104.23.243.6	SUCCESS	2026-07-04 16:08:25.227247	RAFAY001
41	LOGIN	Invalid agentId or password or user is inactive	104.23.243.223	FAILED	2026-07-04 16:09:04.054235	ADMIN001
42	LOGIN	Invalid agentId or password or user is inactive	104.23.243.6	FAILED	2026-07-04 16:09:13.15739	ADMIN001
43	LOGIN	Invalid agentId or password or user is inactive	104.23.243.6	FAILED	2026-07-04 16:09:23.026148	ADMIN001
44	LOGIN	Invalid agentId or password or user is inactive	104.23.243.6	FAILED	2026-07-04 16:09:31.832173	ADMIN
45	LOGIN	Invalid agentId or password or user is inactive	104.23.243.6	FAILED	2026-07-04 16:10:00.325177	ADMIN001
46	LOGIN	Invalid agentId or password or user is inactive	104.23.243.6	FAILED	2026-07-04 16:10:35.559763	ADMIN001
47	LOGIN	Invalid agentId or password or user is inactive	104.23.243.222	FAILED	2026-07-04 16:10:46.253403	ADMIN001
48	LOGIN	Login successful	104.23.243.7	SUCCESS	2026-07-04 16:11:34.476608	RAFAY001
49	LOGIN	Invalid agentId or password or user is inactive	104.23.243.7	FAILED	2026-07-04 16:13:23.51068	ADMIN001
50	LOGIN	Invalid agentId or password or user is inactive	104.23.243.7	FAILED	2026-07-04 16:13:47.208557	ADMIN001
51	LOGIN	Invalid agentId or password or user is inactive	172.69.244.145	FAILED	2026-07-04 16:15:11.995386	admin001
52	LOGIN	Invalid agentId or password or user is inactive	104.23.243.6	FAILED	2026-07-04 16:15:47.740986	ADMIN001
53	LOGIN	Invalid agentId or password or user is inactive	172.69.244.145	FAILED	2026-07-04 16:17:35.541074	ADMIN001
54	LOGIN	Invalid agentId or password or user is inactive	104.23.243.7	FAILED	2026-07-04 16:23:09.03746	ADMIN001
55	LOGIN	Invalid agentId or password or user is inactive	172.69.59.14	FAILED	2026-07-04 16:25:34.838096	ADMIN001
56	LOGIN	Invalid agentId or password or user is inactive	172.69.244.144	FAILED	2026-07-04 17:34:02.186311	
57	LOGIN	Invalid agentId or password or user is inactive	104.23.243.7	FAILED	2026-07-04 17:34:12.658343	ADMIN001
58	LOGIN	Invalid agentId or password or user is inactive	104.23.243.7	FAILED	2026-07-04 17:34:23.486015	RAFAY001
59	LOGIN	Login successful	104.23.243.6	SUCCESS	2026-07-04 17:34:35.86656	RAFAY001
60	LOGIN	Login successful	104.23.243.7	SUCCESS	2026-07-04 17:35:29.668305	RAFAY001
61	LOGIN	Login successful	104.23.243.7	SUCCESS	2026-07-04 18:10:51.974343	ADMIN001
62	LOGIN	Login successful	172.69.244.144	SUCCESS	2026-07-04 18:12:01.86191	ALI001
63	LOGIN	Login successful	104.23.243.7	SUCCESS	2026-07-04 18:15:24.266732	ADMIN001
64	LOGIN	Login successful	104.23.243.6	SUCCESS	2026-07-04 18:17:45.869646	HR001
65	LOGIN	Login successful	104.23.243.6	SUCCESS	2026-07-04 18:19:42.691818	SALES001
66	LOGIN	Login successful	172.69.244.145	SUCCESS	2026-07-04 18:20:53.963608	RAFAY001
67	LOGIN	Invalid agentId or password or user is inactive	104.23.243.6	FAILED	2026-07-04 20:30:15.864036	ADMIN001
68	LOGIN	Invalid agentId or password or user is inactive	172.69.244.145	FAILED	2026-07-04 20:30:28.310032	ADMIN001
69	LOGIN	Login successful	172.69.244.145	SUCCESS	2026-07-04 20:30:51.57166	ADMIN001
70	FACE_EMBEDDING_SAVE	On-device face embedding stored for agent id 32	172.69.244.144	SUCCESS	2026-07-04 20:33:03.462207	RAFAY001
71	LOGIN	Login successful	172.69.244.144	SUCCESS	2026-07-04 20:33:18.663768	RAFAY001
72	LOGIN	Invalid agentId or password or user is inactive	104.23.243.7	FAILED	2026-07-04 21:01:17.646071	
73	LOGIN	Invalid agentId or password or user is inactive	172.69.244.145	FAILED	2026-07-04 21:01:53.36401	
74	LOGIN	Login successful	172.69.244.145	SUCCESS	2026-07-04 21:02:16.372894	ADMIN001
75	LOGIN	Login successful	104.23.243.7	SUCCESS	2026-07-04 21:24:25.617097	ADMIN001
76	FACE_EMBEDDING_SAVE	On-device face embedding stored for agent id 33	172.69.244.144	SUCCESS	2026-07-04 21:50:22.671432	RAFAY001
77	LOGIN	Login successful	172.69.244.145	SUCCESS	2026-07-04 21:50:38.471948	RAFAY001
78	FACE_RESULT	checkpoint=CHECKIN result=FAIL confidence=0.0000	104.23.243.6	FAILED	2026-07-04 21:51:06.285905	RAFAY001
79	FACE_RESULT	checkpoint=CHECKIN result=FAIL confidence=0.0000	172.69.244.145	FAILED	2026-07-04 21:51:48.737669	RAFAY001
80	FACE_RESULT	checkpoint=CHECKIN result=PASS confidence=1.0000	104.23.243.7	SUCCESS	2026-07-04 21:52:43.47103	RAFAY001
81	LOGIN	Login successful	104.23.243.7	SUCCESS	2026-07-04 21:53:53.27115	SALES001
82	LOGIN	Invalid agentId or password or user is inactive	172.69.244.145	FAILED	2026-07-04 21:54:31.990374	ADMIN001
83	LOGIN	Login successful	104.23.243.7	SUCCESS	2026-07-04 21:54:54.52938	ADMIN001
84	FACE_EMBEDDING_SAVE	On-device face embedding stored for agent id 36	172.69.244.144	SUCCESS	2026-07-04 21:55:53.675923	SHAFAY001
85	LOGIN	Login successful	104.23.243.7	SUCCESS	2026-07-04 21:56:06.7973	SHAFAY001
86	FACE_RESULT	checkpoint=CHECKIN result=PASS confidence=1.0000	104.23.243.7	SUCCESS	2026-07-04 21:56:19.899357	SHAFAY001
87	LOGIN	Login successful	172.69.244.145	SUCCESS	2026-07-04 21:57:08.294701	HR001
88	LOGIN	Login successful	104.23.243.7	SUCCESS	2026-07-04 21:58:37.391982	ADMIN001
89	LOGIN	Login successful	104.23.243.6	SUCCESS	2026-07-04 21:59:57.099995	SHAFAY001
90	LOGIN	Login successful	104.23.243.6	SUCCESS	2026-07-04 22:00:52.188242	ADMIN001
91	FACE_EMBEDDING_SAVE	On-device face embedding stored for agent id 37	104.23.243.6	SUCCESS	2026-07-04 22:01:57.631584	TEST001
92	LOGIN	Login successful	104.23.243.7	SUCCESS	2026-07-04 22:02:12.392326	TEST001
93	FACE_RESULT	checkpoint=CHECKIN result=PASS confidence=1.0000	172.69.244.145	SUCCESS	2026-07-04 22:02:27.300918	TEST001
94	LOGIN	Login successful	172.69.244.144	SUCCESS	2026-07-04 22:04:04.974136	HR001
95	LOGIN	Login successful	104.23.243.6	SUCCESS	2026-07-04 22:05:09.275875	SALES001
96	LOGIN	Login successful	104.23.243.6	SUCCESS	2026-07-04 22:07:06.017898	TEST001
97	LOGIN	Login successful	172.69.244.144	SUCCESS	2026-07-04 22:08:56.494784	ADMIN001
98	LOGIN	Login successful	104.23.243.6	SUCCESS	2026-07-04 22:14:21.888504	TEST001
99	LOGIN	Login successful	104.23.243.7	SUCCESS	2026-07-05 10:28:16.295015	ADMIN001
100	FACE_EMBEDDING_SAVE	On-device face embedding stored for agent id 38	104.23.243.7	SUCCESS	2026-07-05 10:29:53.596974	ALI001
101	LOGIN	Login successful	104.23.243.6	SUCCESS	2026-07-05 10:30:11.018138	ALI001
102	FACE_RESULT	checkpoint=CHECKIN result=PASS confidence=1.0000	104.23.243.7	SUCCESS	2026-07-05 10:30:49.902048	ALI001
103	FACE_RESULT	checkpoint=CHECKIN result=PASS confidence=1.0000	104.23.243.6	SUCCESS	2026-07-05 10:31:05.777762	ALI001
104	LOGIN	Login successful	104.23.243.7	SUCCESS	2026-07-05 10:32:51.727064	ADMIN001
105	LOGIN	Login successful	172.69.244.144	SUCCESS	2026-07-05 10:34:49.512101	SALES001
106	LOGIN	Login successful	104.23.243.6	SUCCESS	2026-07-05 10:36:13.906566	HR001
107	LOGIN	Login successful	104.23.243.6	SUCCESS	2026-07-05 10:37:51.908159	ALI001
108	LOGIN	Login successful	104.23.243.7	SUCCESS	2026-07-05 10:40:12.925781	SALES001
109	LOGIN	Invalid agentId or password or user is inactive	104.23.243.6	FAILED	2026-07-05 11:30:19.435237	Ali001
110	LOGIN	Login successful	172.69.244.144	SUCCESS	2026-07-05 11:30:29.230219	ALI001
111	LOGIN	Login successful	104.23.243.6	SUCCESS	2026-07-05 12:02:59.008727	ADMIN001
112	FACE_EMBEDDING_SAVE	On-device face embedding stored for agent id 41	104.23.243.7	SUCCESS	2026-07-05 12:11:41.499599	KHAN001
113	LOGIN	Login successful	104.23.243.6	SUCCESS	2026-07-05 12:11:58.62896	KHAN001
114	FACE_RESULT	checkpoint=CHECKIN result=PASS confidence=1.0000	104.23.243.7	SUCCESS	2026-07-05 12:12:43.616694	KHAN001
115	FACE_RESULT	checkpoint=CHECKIN result=PASS confidence=1.0000	104.23.243.7	SUCCESS	2026-07-05 12:13:05.003248	KHAN001
116	LOGIN	Login successful	104.23.243.7	SUCCESS	2026-07-05 12:13:46.401948	SHAFAY001
117	FACE_RESULT	checkpoint=CHECKIN result=PASS confidence=1.0000	104.23.243.7	SUCCESS	2026-07-05 12:14:14.112178	SHAFAY001
118	LOGIN	Login successful	104.23.243.7	SUCCESS	2026-07-05 12:14:46.928799	ADMIN001
119	FACE_EMBEDDING_SAVE	On-device face embedding stored for agent id 42	104.23.243.7	SUCCESS	2026-07-05 12:26:56.077253	ASIF001
120	LOGIN	Login successful	104.23.243.6	SUCCESS	2026-07-05 12:27:42.606886	ASIF001
121	FACE_RESULT	checkpoint=CHECKIN result=PASS confidence=1.0000	104.23.243.6	SUCCESS	2026-07-05 12:27:56.667628	ASIF001
122	FACE_RESULT	checkpoint=CHECKIN result=PASS confidence=1.0000	104.23.197.192	SUCCESS	2026-07-05 12:31:30.579362	ASIF001
123	FACE_RESULT	checkpoint=CHECKIN result=PASS confidence=1.0000	104.23.243.7	SUCCESS	2026-07-05 12:39:31.507134	ASIF001
124	LOGIN	Invalid agentId or password or user is inactive	104.23.243.6	FAILED	2026-07-05 14:11:19.048644	SALES
125	LOGIN	Invalid agentId or password or user is inactive	104.23.243.7	FAILED	2026-07-05 14:11:29.064638	SALES001
126	LOGIN	Login successful	104.23.243.6	SUCCESS	2026-07-05 15:34:31.002355	ADMIN001
127	LOGIN	Login successful	104.23.243.6	SUCCESS	2026-07-05 15:43:52.799836	ASIF001
128	LOGIN	Login successful	104.23.243.6	SUCCESS	2026-07-05 15:44:26.104675	HR001
129	LOGIN	Login successful	104.23.243.6	SUCCESS	2026-07-05 15:45:44.20457	ADMIN001
130	LOGIN	Login successful	104.23.243.6	SUCCESS	2026-07-05 15:46:46.213387	SALES001
131	LOGIN	Login successful	104.23.243.7	SUCCESS	2026-07-05 17:32:04.6936	ADMIN001
132	FACE_EMBEDDING_SAVE	On-device face embedding stored for agent id 45	104.23.243.223	SUCCESS	2026-07-05 17:34:09.702918	FAHAD001
133	LOGIN	Login successful	172.69.244.144	SUCCESS	2026-07-05 17:34:25.916497	FAHAD001
134	LOGIN	Login successful	104.23.243.6	SUCCESS	2026-07-05 17:37:20.785352	SALES001
135	LOGIN	Login successful	172.69.244.145	SUCCESS	2026-07-05 17:48:54.083012	FAHAD001
136	LOGIN	Login successful	104.23.243.7	SUCCESS	2026-07-05 17:49:46.310437	ADMIN001
137	FACE_EMBEDDING_SAVE	On-device face embedding stored for agent id 46	104.23.243.6	SUCCESS	2026-07-05 17:53:35.009423	FAHAD001
141	FACE_RESULT	checkpoint=CHECKIN result=PASS confidence=1.0000	104.23.243.6	SUCCESS	2026-07-05 17:55:38.597787	FAHAD001
138	LOGIN	Invalid agentId or password or user is inactive	104.23.243.6	FAILED	2026-07-05 17:54:10.116428	FAHAD001
139	LOGIN	Login successful	172.69.244.145	SUCCESS	2026-07-05 17:54:30.993045	ADMIN001
140	LOGIN	Login successful	104.23.243.6	SUCCESS	2026-07-05 17:55:01.682319	FAHAD001
142	LOGIN	Login successful	104.23.243.7	SUCCESS	2026-07-05 19:22:42.34299	ADMIN001
143	LOGIN	Login successful	172.69.244.145	SUCCESS	2026-07-05 22:49:29.718677	ADMIN001
144	LOGIN	Login successful	104.23.243.7	SUCCESS	2026-07-05 22:50:02.422531	SALES001
145	LOGIN	Login successful	104.23.243.7	SUCCESS	2026-07-05 22:50:35.546281	HR001
146	LOGIN	Login successful	104.23.243.7	SUCCESS	2026-07-05 22:51:21.84617	ADMIN001
147	LOGIN	Login successful	104.23.243.6	SUCCESS	2026-07-05 22:51:59.354039	ALI001
148	LOGIN	Login successful	104.23.243.7	SUCCESS	2026-07-05 22:52:57.717175	SALES001
149	LOGIN	Login successful	104.23.243.7	SUCCESS	2026-07-05 22:53:18.826267	HR001
150	LOGIN	Login successful	104.23.243.7	SUCCESS	2026-07-06 01:03:46.593434	ADMIN001
151	LOGIN	Login successful	104.23.243.7	SUCCESS	2026-07-06 01:04:08.619512	SALES001
152	LOGIN	Login successful	104.23.197.59	SUCCESS	2026-07-07 10:38:53.995001	ADMIN001
153	LOGIN	Invalid agentId or password or user is inactive	104.23.243.6	FAILED	2026-07-07 11:17:30.000541	
154	LOGIN	Invalid agentId or password or user is inactive	104.23.197.110	FAILED	2026-07-07 11:17:55.711106	ADMIN001
155	LOGIN	Invalid agentId or password or user is inactive	104.23.197.111	FAILED	2026-07-07 11:18:22.230977	ADMIN001
156	LOGIN	Invalid agentId or password or user is inactive	104.23.197.110	FAILED	2026-07-07 11:18:58.772657	ADMIN001
157	LOGIN	Invalid agentId or password or user is inactive	104.23.197.111	FAILED	2026-07-07 11:20:29.163196	ADMIN001
158	LOGIN	Invalid agentId or password or user is inactive	104.23.243.6	FAILED	2026-07-07 11:31:19.906556	ADMIN001
159	LOGIN	Login successful	104.23.197.156	SUCCESS	2026-07-07 11:37:39.803098	ADMIN001
160	FACE_EMBEDDING_SAVE	On-device face embedding stored for agent id 50	104.23.197.157	SUCCESS	2026-07-07 11:39:28.093362	TEST002
161	LOGIN	Login successful	104.23.243.6	SUCCESS	2026-07-07 11:39:44.007131	TEST002
162	LOGIN	Invalid agentId or password or user is inactive	104.23.243.7	FAILED	2026-07-07 11:40:00.611791	
163	LOGIN	Invalid agentId or password or user is inactive	104.23.197.157	FAILED	2026-07-07 11:40:25.792004	
164	FACE_RESULT	checkpoint=MIDSHIFT result=PASS confidence=1.0000	104.23.197.157	SUCCESS	2026-07-07 11:41:08.016173	TEST002
165	FACE_RESULT	checkpoint=CHECKOUT result=PASS confidence=1.0000	104.23.243.47	SUCCESS	2026-07-07 11:41:35.657187	TEST002
166	LOGIN	Invalid agentId or password or user is inactive	172.71.28.158	FAILED	2026-07-07 16:17:39.023472	ADMIN001
167	LOGIN	Login successful	104.23.197.192	SUCCESS	2026-07-07 16:19:04.025192	ADMIN001
168	FACE_EMBEDDING_SAVE	On-device face embedding stored for agent id 51	104.23.243.6	SUCCESS	2026-07-07 16:20:44.921594	TEST003
169	LOGIN	Login successful	104.23.243.6	SUCCESS	2026-07-07 16:20:58.609374	TEST003
170	FACE_RESULT	checkpoint=CHECKIN result=PASS confidence=1.0000	104.23.197.193	SUCCESS	2026-07-07 16:22:03.522732	TEST003
171	FACE_RESULT	checkpoint=MIDSHIFT result=FAIL confidence=0.0000	104.23.197.193	FAILED	2026-07-07 16:22:56.402276	TEST003
172	FACE_RESULT	checkpoint=MIDSHIFT result=PASS confidence=1.0000	104.23.243.223	SUCCESS	2026-07-07 16:23:09.654674	TEST003
173	FACE_RESULT	checkpoint=CHECKOUT result=PASS confidence=1.0000	104.23.243.184	SUCCESS	2026-07-07 16:23:52.44132	TEST003
174	FACE_RESULT	checkpoint=CHECKIN result=PASS confidence=1.0000	104.23.243.223	SUCCESS	2026-07-07 16:24:14.940986	TEST003
175	LOGIN	Login successful	172.71.28.158	SUCCESS	2026-07-07 20:53:14.487558	ADMIN001
176	LOGIN	Login successful	104.23.197.192	SUCCESS	2026-07-07 20:55:37.311577	SALES001
177	LOGIN	Login successful	104.23.243.7	SUCCESS	2026-07-07 20:58:53.915355	TEST003
178	FACE_RESULT	checkpoint=MIDSHIFT result=PASS confidence=1.0000	172.71.28.158	SUCCESS	2026-07-07 20:59:07.685954	TEST003
179	FACE_RESULT	checkpoint=CHECKOUT result=PASS confidence=1.0000	104.23.243.7	SUCCESS	2026-07-07 20:59:29.239169	TEST003
180	LOGIN	Login successful	104.23.197.192	SUCCESS	2026-07-07 21:00:16.111348	ADMIN001
181	FACE_EMBEDDING_SAVE	On-device face embedding stored for agent id 52	104.23.243.47	SUCCESS	2026-07-07 21:01:18.680752	TEST004
182	LOGIN	Login successful	172.71.28.158	SUCCESS	2026-07-07 21:01:43.110021	TEST004
183	LOGIN	Login successful	172.69.242.131	SUCCESS	2026-07-07 21:11:51.01282	TEST004
184	LOGIN	Login successful	104.23.243.6	SUCCESS	2026-07-07 21:12:14.396603	ADMIN001
\.


--
-- Data for Name: face_template; Type: TABLE DATA; Schema: public; Owner: -
--

COPY public.face_template (id, agent_id, feature_vector, created_at, updated_at) FROM stdin;
\.


--
-- Data for Name: face_verification_log; Type: TABLE DATA; Schema: public; Owner: -
--

COPY public.face_verification_log (id, agent_id, verification_time, scheduled_time, success, similarity_score, ip_address, user_agent) FROM stdin;
1	33	2026-07-04 21:51:05.469	\N	f	0	104.23.243.6	okhttp/4.9.2
2	33	2026-07-04 21:51:47.538	\N	f	0	172.69.244.145	okhttp/4.9.2
3	33	2026-07-04 21:52:42.678	\N	t	1	104.23.243.7	okhttp/4.9.2
4	36	2026-07-04 21:56:19.107	\N	t	1	104.23.243.7	okhttp/4.9.2
5	37	2026-07-04 22:02:26.517	\N	t	1	172.69.244.145	okhttp/4.9.2
6	38	2026-07-05 10:30:49.093	\N	t	1	104.23.243.7	okhttp/4.9.2
7	38	2026-07-05 10:31:04.969	\N	t	1	104.23.243.6	okhttp/4.9.2
8	41	2026-07-05 12:12:42.809	\N	t	1	104.23.243.7	okhttp/4.9.2
9	41	2026-07-05 12:13:04.191	\N	t	1	104.23.243.7	okhttp/4.9.2
10	36	2026-07-05 12:14:13.302	\N	t	1	104.23.243.7	okhttp/4.9.2
11	42	2026-07-05 12:27:55.839	\N	t	1	104.23.243.6	okhttp/4.9.2
12	42	2026-07-05 12:31:29.672	\N	t	1	104.23.197.192	okhttp/4.9.2
13	42	2026-07-05 12:39:30.698	\N	t	1	104.23.243.7	okhttp/4.9.2
14	46	2026-07-05 17:55:37.793	\N	t	1	104.23.243.6	okhttp/4.9.2
15	50	2026-07-07 11:41:07.183	09:00:00	t	1	104.23.197.157	okhttp/4.9.2
16	50	2026-07-07 11:41:34.854	\N	t	1	104.23.243.47	okhttp/4.9.2
17	51	2026-07-07 16:22:02.717	\N	t	1	104.23.197.193	okhttp/4.9.2
18	51	2026-07-07 16:22:55.609	09:00:00	f	0	104.23.197.193	okhttp/4.9.2
19	51	2026-07-07 16:23:08.844	09:00:00	t	1	104.23.243.223	okhttp/4.9.2
20	51	2026-07-07 16:23:51.649	\N	t	1	104.23.243.184	okhttp/4.9.2
21	51	2026-07-07 16:24:14.084	\N	t	1	104.23.243.223	okhttp/4.9.2
22	51	2026-07-07 20:59:06.709	17:00:00	t	1	172.71.28.158	okhttp/4.9.2
23	51	2026-07-07 20:59:28.418	\N	t	1	104.23.243.7	okhttp/4.9.2
\.


--
-- Data for Name: flyway_schema_history; Type: TABLE DATA; Schema: public; Owner: -
--

COPY public.flyway_schema_history (installed_rank, version, description, type, script, checksum, installed_by, installed_on, execution_time, success) FROM stdin;
1	1	<< Flyway Baseline >>	BASELINE	<< Flyway Baseline >>	\N	attendance_user	2026-07-03 17:11:36.349729	0	t
2	2	add face verification fields	SQL	V2__add_face_verification_fields.sql	974948635	attendance_user	2026-07-03 17:11:36.648105	98	t
3	3	add shift timing fields	SQL	V3__add_shift_timing_fields.sql	293552720	attendance_user	2026-07-03 17:11:36.862896	91	t
4	4	insert products	SQL	V4__insert_products.sql	-983679862	attendance_user	2026-07-03 18:43:07.292582	100	t
5	5	add face embedding	SQL	V5__add_face_embedding.sql	319018805	attendance_user	2026-07-03 18:43:07.603339	80	t
6	6	add face template updated at	SQL	V6__add_face_template_updated_at.sql	-1653567542	attendance_user	2026-07-03 18:55:47.749497	102	t
7	7	fix similarity score type	SQL	V7__fix_similarity_score_type.sql	904773262	attendance_user	2026-07-03 19:02:43.078782	91	t
8	8	add mart is active	SQL	V8__add_mart_is_active.sql	-1159674431	attendance_user	2026-07-05 09:55:50.791245	101	t
\.


--
-- Data for Name: geo_fence_logs; Type: TABLE DATA; Schema: public; Owner: -
--

COPY public.geo_fence_logs (id, action, created_at, latitude, longitude, agent_id, mart_id) FROM stdin;
2	ENTERED	2026-07-05 10:27:38.288427	33.5464923	73.0528633	37	3
3	ENTERED	2026-07-05 10:27:38.28843	33.5464923	73.0528633	37	3
4	ENTERED	2026-07-05 10:30:12.099207	33.5465626	73.0529066	38	3
5	ENTERED	2026-07-05 12:11:59.349449	33.5464982	73.0528613	41	3
6	ENTERED	2026-07-05 12:13:47.194341	33.546504	73.0528952	36	3
7	EXITED	2026-07-05 12:29:03.621889	33.5443091	73.0534879	42	3
8	EXITED	2026-07-05 12:32:17.759101	33.5442612	73.05337	42	3
9	ENTERED	2026-07-05 12:36:36.469434	33.5464383	73.0533033	42	3
10	EXITED	2026-07-05 13:55:05.968616	33.5449783	73.0535233	42	3
11	ENTERED	2026-07-05 13:55:16.60655	33.546335	73.05317	42	3
12	EXITED	2026-07-05 13:58:09.940511	33.54589	73.0537717	42	3
13	ENTERED	2026-07-05 13:58:20.345239	33.5463787	73.0531232	42	3
16	ENTERED	2026-07-05 17:55:15.881657	33.5464749	73.0528614	46	3
17	EXITED	2026-07-05 17:55:28.626192	33.5473189	73.045858	46	3
18	EXITED	2026-07-05 17:55:40.403097	33.5480367	73.038965	46	1
19	ENTERED	2026-07-05 17:55:41.439301	33.5465183	73.052891	46	3
20	ENTERED	2026-07-07 11:39:50.0293	33.5465215	73.0528554	50	3
21	EXITED	2026-07-07 12:00:01.200715	33.5466317	73.0539817	50	3
22	ENTERED	2026-07-07 12:00:12.016031	33.5466333	73.0531783	50	3
23	EXITED	2026-07-07 15:00:07.196887	33.5474127	73.0530826	50	3
24	ENTERED	2026-07-07 16:11:52.183191	33.5463654	73.0528605	50	3
25	ENTERED	2026-07-07 16:21:02.723726	33.5464967	73.0529039	51	3
26	EXITED	2026-07-07 16:25:27.439574	33.5474167	73.0530333	51	3
27	ENTERED	2026-07-07 16:25:38.238385	33.5464753	73.0528725	51	3
28	EXITED	2026-07-07 16:45:13.314095	33.5463483	73.0540333	51	3
29	ENTERED	2026-07-07 16:45:23.331572	33.54658	73.0530283	51	3
30	ENTERED	2026-07-07 20:58:54.833101	33.5465441	73.0528904	51	5
31	ENTERED	2026-07-07 20:58:56.340076	33.5465826	73.0528534	51	3
32	ENTERED	2026-07-07 20:59:15.043723	33.5465325	73.0528895	51	5
33	ENTERED	2026-07-07 20:59:44.509849	33.546507	73.0527835	51	3
34	ENTERED	2026-07-07 21:01:44.06569	33.5464874	73.0527687	52	3
35	ENTERED	2026-07-07 21:11:21.538905	33.5465062	73.052853	52	5
36	ENTERED	2026-07-07 21:11:51.886086	33.5465492	73.0529132	52	3
\.


--
-- Data for Name: mart; Type: TABLE DATA; Schema: public; Owner: -
--

COPY public.mart (id, address, created_at, geo_fencing_enabled, latitude, longitude, name, radius, is_active) FROM stdin;
2	123 Main St	2026-07-03 07:28:40.258795	f	30.3753	69.3451	Main Office	100	t
5	t	2026-07-04 22:09:48.606718	t	33.5465015	73.052894	tst	5	t
3	adyala	2026-07-04 14:20:27.469129	t	33.546487	73.0528556	mart	100	t
4	ad	2026-07-04 21:59:12.329923	t	33.5465399	73.0528871	hom	10	t
1	H13	2026-07-03 07:01:53.326736	f	33.6247292	72.9761364	Dawn	10	t
\.


--
-- Data for Name: notifications; Type: TABLE DATA; Schema: public; Owner: -
--

COPY public.notifications (id, agent_name, created_at, department, is_read, message, type, agent_id) FROM stdin;
29	Rafau	2026-07-04 21:51:06.269866	ADMIN	f	Face verification FAILED for Rafau at CHECKIN checkpoint (confidence: 0.0%)	FACE_VERIFY_FAIL	33
30	Rafau	2026-07-04 21:51:06.283355	HR	f	Face verification FAILED for Rafau at CHECKIN checkpoint (confidence: 0.0%)	FACE_VERIFY_FAIL	33
31	Rafau	2026-07-04 21:51:48.733771	ADMIN	f	Face verification FAILED for Rafau at CHECKIN checkpoint (confidence: 0.0%)	FACE_VERIFY_FAIL	33
32	Rafau	2026-07-04 21:51:48.735875	HR	f	Face verification FAILED for Rafau at CHECKIN checkpoint (confidence: 0.0%)	FACE_VERIFY_FAIL	33
33	Rafau	2026-07-04 21:52:45.083251	SALES	f	⚠️ Rafau is running late to mart	CHECK_IN	33
34	Rafau	2026-07-04 21:52:45.08535	HR	f	⚠️ Rafau is LATE! Check-in: 09:52 PM	LATE	33
35	Rafau	2026-07-04 21:53:36.467436	SALES	f	🛍️ Rafau sold Bran Bread (1 units) - Total PKR 1257.0	SALE	33
36	Shafay	2026-07-04 21:56:21.443792	SALES	f	⚠️ Shafay is running late to mart	CHECK_IN	36
37	Shafay	2026-07-04 21:56:21.446078	HR	f	⚠️ Shafay is LATE! Check-in: 09:56 PM	LATE	36
38	Shafay	2026-07-04 21:56:47.053792	SALES	f	🛍️ Shafay sold Bran Bread (1 units) - Total PKR 1038.0	SALE	36
45	Test	2026-07-04 22:02:28.877106	SALES	f	⚠️ Test is running late to hom	CHECK_IN	37
46	Test	2026-07-04 22:02:28.878673	HR	f	⚠️ Test is LATE! Check-in: 10:02 PM	LATE	37
47	Rafau	2026-07-04 23:59:00.040134	SALES	f	✅ Rafau checked out from mart at 11:59 PM	CHECK_OUT	33
48	Rafau	2026-07-04 23:59:00.045611	HR	f	📋 Rafau checked out at 11:59 PM	CHECK_OUT	33
49	Rafau	2026-07-04 23:59:00.050394	AGENT	f	Auto Checked-Out: You were automatically checked out of mart at 11:59 PM.	PUSH	33
50	Shafay	2026-07-04 23:59:00.073708	SALES	f	✅ Shafay checked out from mart at 11:59 PM	CHECK_OUT	36
51	Shafay	2026-07-04 23:59:00.076705	HR	f	📋 Shafay checked out at 11:59 PM	CHECK_OUT	36
52	Shafay	2026-07-04 23:59:00.080925	AGENT	f	Auto Checked-Out: You were automatically checked out of mart at 11:59 PM.	PUSH	36
53	Test	2026-07-04 23:59:00.130933	SALES	f	✅ Test checked out from hom at 11:59 PM	CHECK_OUT	37
54	Test	2026-07-04 23:59:00.13532	HR	f	📋 Test checked out at 11:59 PM	CHECK_OUT	37
55	Test	2026-07-04 23:59:00.140439	AGENT	f	Auto Checked-Out: You were automatically checked out of hom at 11:59 PM.	PUSH	37
57	Test	2026-07-05 10:27:38.182636	SALES	f	✅ Test checked in at mart at 10:27 AM	CHECK_IN	37
56	Test	2026-07-05 10:27:38.182636	SALES	f	✅ Test checked in at mart at 10:27 AM	CHECK_IN	37
58	Test	2026-07-05 10:27:38.284813	HR	f	📋 Test checked in at 10:27 AM	CHECK_IN	37
59	Test	2026-07-05 10:27:38.284814	HR	f	📋 Test checked in at 10:27 AM	CHECK_IN	37
60	Test	2026-07-05 10:27:38.291624	AGENT	f	Auto Checked-In: You have been checked in automatically at mart	PUSH	37
61	Test	2026-07-05 10:27:38.29165	AGENT	f	Auto Checked-In: You have been checked in automatically at mart	PUSH	37
62	Ali	2026-07-05 10:30:12.093777	SALES	f	✅ Ali checked in at mart at 10:30 AM	CHECK_IN	38
63	Ali	2026-07-05 10:30:12.096351	HR	f	📋 Ali checked in at 10:30 AM	CHECK_IN	38
64	Ali	2026-07-05 10:30:12.101435	AGENT	f	Auto Checked-In: You have been checked in automatically at mart	PUSH	38
65	Ali	2026-07-05 10:31:56.005512	SALES	f	🛍️ Ali sold Bran Bread (1 units) - Total PKR 1546.0	SALE	38
66	Khan	2026-07-05 12:11:59.341434	SALES	f	✅ Khan checked in at mart at 12:11 PM	CHECK_IN	41
67	Khan	2026-07-05 12:11:59.344764	HR	f	📋 Khan checked in at 12:11 PM	CHECK_IN	41
68	Khan	2026-07-05 12:11:59.351433	AGENT	f	Auto Checked-In: You have been checked in automatically at mart	PUSH	41
69	Shafay	2026-07-05 12:13:47.190744	SALES	f	✅ Shafay checked in at mart at 12:13 PM	CHECK_IN	36
70	Shafay	2026-07-05 12:13:47.192638	HR	f	📋 Shafay checked in at 12:13 PM	CHECK_IN	36
71	Shafay	2026-07-05 12:13:47.196155	AGENT	f	Auto Checked-In: You have been checked in automatically at mart	PUSH	36
72	ASIF	2026-07-05 12:27:58.311703	SALES	f	✅ ASIF checked in at mart at 12:27 PM	CHECK_IN	42
73	ASIF	2026-07-05 12:27:58.313655	HR	f	📋 ASIF checked in at 12:27 PM	CHECK_IN	42
74	ASIF	2026-07-05 12:29:03.618036	SALES	f	✅ ASIF checked out from mart at 12:29 PM	CHECK_OUT	42
75	ASIF	2026-07-05 12:29:03.620315	HR	f	📋 ASIF checked out at 12:29 PM	CHECK_OUT	42
76	ASIF	2026-07-05 12:29:03.623631	AGENT	f	Auto Checked-Out: You have been checked out automatically from mart	PUSH	42
77	ASIF	2026-07-05 12:31:36.124252	SALES	f	✅ ASIF checked in at mart at 12:31 PM	CHECK_IN	42
78	ASIF	2026-07-05 12:31:36.134521	HR	f	📋 ASIF checked in at 12:31 PM	CHECK_IN	42
79	ASIF	2026-07-05 12:32:17.752142	SALES	f	✅ ASIF checked out from mart at 12:32 PM	CHECK_OUT	42
80	ASIF	2026-07-05 12:32:17.755315	HR	f	📋 ASIF checked out at 12:32 PM	CHECK_OUT	42
81	ASIF	2026-07-05 12:32:17.760745	AGENT	f	Auto Checked-Out: You have been checked out automatically from mart	PUSH	42
82	ASIF	2026-07-05 12:36:36.463871	SALES	f	✅ ASIF checked in at mart at 12:36 PM	CHECK_IN	42
83	ASIF	2026-07-05 12:36:36.466691	HR	f	📋 ASIF checked in at 12:36 PM	CHECK_IN	42
84	ASIF	2026-07-05 12:36:36.471505	AGENT	f	Auto Checked-In: You have been checked in automatically at mart	PUSH	42
85	ASIF	2026-07-05 13:55:05.963191	SALES	f	✅ ASIF checked out from mart at 01:55 PM	CHECK_OUT	42
86	ASIF	2026-07-05 13:55:05.966329	HR	f	📋 ASIF checked out at 01:55 PM	CHECK_OUT	42
87	ASIF	2026-07-05 13:55:05.970576	AGENT	f	Auto Checked-Out: You have been checked out automatically from mart	PUSH	42
88	ASIF	2026-07-05 13:55:16.603178	SALES	f	✅ ASIF checked in at mart at 01:55 PM	CHECK_IN	42
89	ASIF	2026-07-05 13:55:16.604973	HR	f	📋 ASIF checked in at 01:55 PM	CHECK_IN	42
90	ASIF	2026-07-05 13:55:16.60804	AGENT	f	Auto Checked-In: You have been checked in automatically at mart	PUSH	42
91	ASIF	2026-07-05 13:58:09.935258	SALES	f	✅ ASIF checked out from mart at 01:58 PM	CHECK_OUT	42
92	ASIF	2026-07-05 13:58:09.938119	HR	f	📋 ASIF checked out at 01:58 PM	CHECK_OUT	42
93	ASIF	2026-07-05 13:58:09.942191	AGENT	f	Auto Checked-Out: You have been checked out automatically from mart	PUSH	42
94	ASIF	2026-07-05 13:58:20.33946	SALES	f	✅ ASIF checked in at mart at 01:58 PM	CHECK_IN	42
95	ASIF	2026-07-05 13:58:20.34265	HR	f	📋 ASIF checked in at 01:58 PM	CHECK_IN	42
96	ASIF	2026-07-05 13:58:20.347664	AGENT	f	Auto Checked-In: You have been checked in automatically at mart	PUSH	42
103	fahad	2026-07-05 17:55:15.877545	SALES	f	✅ fahad checked in at mart at 05:55 PM	CHECK_IN	46
104	fahad	2026-07-05 17:55:15.879827	HR	f	📋 fahad checked in at 05:55 PM	CHECK_IN	46
105	fahad	2026-07-05 17:55:15.883473	AGENT	f	Auto Checked-In: You have been checked in automatically at mart	PUSH	46
106	fahad	2026-07-05 17:55:28.621747	SALES	f	✅ fahad checked out from mart at 05:55 PM	CHECK_OUT	46
107	fahad	2026-07-05 17:55:28.62439	HR	f	📋 fahad checked out at 05:55 PM	CHECK_OUT	46
108	fahad	2026-07-05 17:55:28.628139	AGENT	f	Auto Checked-Out: You have been checked out automatically from mart	PUSH	46
109	fahad	2026-07-05 17:55:40.173218	SALES	f	✅ fahad checked in at Dawn at 05:55 PM	CHECK_IN	46
110	fahad	2026-07-05 17:55:40.175389	HR	f	📋 fahad checked in at 05:55 PM	CHECK_IN	46
111	fahad	2026-07-05 17:55:40.397463	SALES	f	✅ fahad checked out from Dawn at 05:55 PM	CHECK_OUT	46
112	fahad	2026-07-05 17:55:40.400411	HR	f	📋 fahad checked out at 05:55 PM	CHECK_OUT	46
113	fahad	2026-07-05 17:55:40.404893	AGENT	f	Auto Checked-Out: You have been checked out automatically from Dawn	PUSH	46
114	fahad	2026-07-05 17:55:41.435557	SALES	f	✅ fahad checked in at mart at 05:55 PM	CHECK_IN	46
115	fahad	2026-07-05 17:55:41.43756	HR	f	📋 fahad checked in at 05:55 PM	CHECK_IN	46
116	fahad	2026-07-05 17:55:41.441279	AGENT	f	Auto Checked-In: You have been checked in automatically at mart	PUSH	46
119	Rafau	2026-07-05 22:00:00.446123	HR	f	❌ Rafau has no check-in today	ABSENT	33
120	Rafau	2026-07-05 22:00:00.458571	AGENT	f	❌ Absent Notice: You were marked as absent today. No check-in was registered.	PUSH	33
121	Hr	2026-07-05 22:00:00.478842	HR	f	❌ Hr has no check-in today	ABSENT	40
122	Hr	2026-07-05 22:00:00.550924	AGENT	f	❌ Absent Notice: You were marked as absent today. No check-in was registered.	PUSH	40
123	SALES	2026-07-05 22:00:00.643648	HR	f	❌ SALES has no check-in today	ABSENT	44
124	SALES	2026-07-05 22:00:00.654924	AGENT	f	❌ Absent Notice: You were marked as absent today. No check-in was registered.	PUSH	44
125	Test	2026-07-05 23:59:00.235966	SALES	f	✅ Test checked out from mart at 11:59 PM	CHECK_OUT	37
126	Test	2026-07-05 23:59:00.31919	HR	f	📋 Test checked out at 11:59 PM	CHECK_OUT	37
127	Test	2026-07-05 23:59:00.329814	AGENT	f	Auto Checked-Out: You were automatically checked out of mart at 11:59 PM.	PUSH	37
128	Test	2026-07-05 23:59:00.433291	SALES	f	✅ Test checked out from mart at 11:59 PM	CHECK_OUT	37
129	Test	2026-07-05 23:59:00.438143	HR	f	📋 Test checked out at 11:59 PM	CHECK_OUT	37
130	Test	2026-07-05 23:59:00.518613	AGENT	f	Auto Checked-Out: You were automatically checked out of mart at 11:59 PM.	PUSH	37
131	Ali	2026-07-05 23:59:00.544008	SALES	f	✅ Ali checked out from mart at 11:59 PM	CHECK_OUT	38
132	Ali	2026-07-05 23:59:00.550129	HR	f	📋 Ali checked out at 11:59 PM	CHECK_OUT	38
133	Ali	2026-07-05 23:59:00.627046	AGENT	f	Auto Checked-Out: You were automatically checked out of mart at 11:59 PM.	PUSH	38
134	Khan	2026-07-05 23:59:00.653836	SALES	f	✅ Khan checked out from mart at 11:59 PM	CHECK_OUT	41
135	Khan	2026-07-05 23:59:00.722555	HR	f	📋 Khan checked out at 11:59 PM	CHECK_OUT	41
136	Khan	2026-07-05 23:59:00.732757	AGENT	f	Auto Checked-Out: You were automatically checked out of mart at 11:59 PM.	PUSH	41
137	Shafay	2026-07-05 23:59:00.758515	SALES	f	✅ Shafay checked out from mart at 11:59 PM	CHECK_OUT	36
138	Shafay	2026-07-05 23:59:00.764376	HR	f	📋 Shafay checked out at 11:59 PM	CHECK_OUT	36
139	Shafay	2026-07-05 23:59:00.772967	AGENT	f	Auto Checked-Out: You were automatically checked out of mart at 11:59 PM.	PUSH	36
140	ASIF	2026-07-05 23:59:00.82963	SALES	f	✅ ASIF checked out from mart at 11:59 PM	CHECK_OUT	42
141	ASIF	2026-07-05 23:59:00.836742	HR	f	📋 ASIF checked out at 11:59 PM	CHECK_OUT	42
142	ASIF	2026-07-05 23:59:00.847117	AGENT	f	Auto Checked-Out: You were automatically checked out of mart at 11:59 PM.	PUSH	42
143	fahad	2026-07-05 23:59:00.92572	SALES	f	✅ fahad checked out from mart at 11:59 PM	CHECK_OUT	46
144	fahad	2026-07-05 23:59:00.932404	HR	f	📋 fahad checked out at 11:59 PM	CHECK_OUT	46
145	fahad	2026-07-05 23:59:00.943297	AGENT	f	Auto Checked-Out: You were automatically checked out of mart at 11:59 PM.	PUSH	46
146	ASIF	2026-07-06 22:00:00.785609	HR	f	❌ ASIF has no check-in today	ABSENT	42
147	ASIF	2026-07-06 22:00:01.179967	AGENT	f	❌ Absent Notice: You were marked as absent today. No check-in was registered.	PUSH	42
150	Rafau	2026-07-06 22:00:01.300308	HR	f	❌ Rafau has no check-in today	ABSENT	33
151	Rafau	2026-07-06 22:00:01.383457	AGENT	f	❌ Absent Notice: You were marked as absent today. No check-in was registered.	PUSH	33
152	Hr	2026-07-06 22:00:01.395187	HR	f	❌ Hr has no check-in today	ABSENT	40
153	Hr	2026-07-06 22:00:01.480468	AGENT	f	❌ Absent Notice: You were marked as absent today. No check-in was registered.	PUSH	40
154	Test	2026-07-06 22:00:01.488011	HR	f	❌ Test has no check-in today	ABSENT	37
155	Test	2026-07-06 22:00:01.495613	AGENT	f	❌ Absent Notice: You were marked as absent today. No check-in was registered.	PUSH	37
156	SALES	2026-07-06 22:00:01.505259	HR	f	❌ SALES has no check-in today	ABSENT	44
157	SALES	2026-07-06 22:00:01.512074	AGENT	f	❌ Absent Notice: You were marked as absent today. No check-in was registered.	PUSH	44
158	Ali	2026-07-06 22:00:01.518586	HR	f	❌ Ali has no check-in today	ABSENT	38
159	Ali	2026-07-06 22:00:01.584061	AGENT	f	❌ Absent Notice: You were marked as absent today. No check-in was registered.	PUSH	38
160	Khan	2026-07-06 22:00:01.592431	HR	f	❌ Khan has no check-in today	ABSENT	41
161	Khan	2026-07-06 22:00:01.599341	AGENT	f	❌ Absent Notice: You were marked as absent today. No check-in was registered.	PUSH	41
162	Shafay	2026-07-06 22:00:01.60597	HR	f	❌ Shafay has no check-in today	ABSENT	36
163	Shafay	2026-07-06 22:00:01.683135	AGENT	f	❌ Absent Notice: You were marked as absent today. No check-in was registered.	PUSH	36
164	fahad	2026-07-06 22:00:01.693127	HR	f	❌ fahad has no check-in today	ABSENT	46
165	fahad	2026-07-06 22:00:01.70226	AGENT	f	❌ Absent Notice: You were marked as absent today. No check-in was registered.	PUSH	46
166	Test	2026-07-07 11:39:50.093018	SALES	f	⚠️ Test is running late to mart	CHECK_IN	50
167	Test	2026-07-07 11:39:50.09583	HR	f	⚠️ Test is LATE! Check-in: 11:39 AM	LATE	50
168	Test	2026-07-07 11:39:50.097525	AGENT	f	Auto Checked-In: You have been checked in automatically at mart	PUSH	50
169	Test	2026-07-07 11:41:37.223158	SALES	f	✅ Test checked out from mart at 11:41 AM	CHECK_OUT	50
170	Test	2026-07-07 11:41:37.224977	HR	f	📋 Test checked out at 11:41 AM	CHECK_OUT	50
171	Test	2026-07-07 12:00:01.203394	SALES	f	📍 Test exited mart from 12:00 PM	GEOFENCE_ACTIVITY	50
172	Test	2026-07-07 12:00:12.308715	SALES	f	📍 Test entered mart at 12:00 PM	GEOFENCE_ACTIVITY	50
173	Test	2026-07-07 15:00:07.201045	SALES	f	📍 Test exited mart from 03:00 PM	GEOFENCE_ACTIVITY	50
174	Test	2026-07-07 16:11:52.186807	SALES	f	📍 Test entered mart at 04:11 PM	GEOFENCE_ACTIVITY	50
175	TEST	2026-07-07 16:21:02.733653	SALES	f	⚠️ TEST is running late to mart	CHECK_IN	51
176	TEST	2026-07-07 16:21:02.73526	HR	f	⚠️ TEST is LATE! Check-in: 04:21 PM	LATE	51
177	TEST	2026-07-07 16:21:02.737626	AGENT	f	Auto Checked-In: You have been checked in automatically at mart	PUSH	51
178	TEST	2026-07-07 16:22:56.399413	ADMIN	f	Face verification FAILED for TEST at MIDSHIFT checkpoint (confidence: 0.0%)	FACE_VERIFY_FAIL	51
179	TEST	2026-07-07 16:22:56.401059	HR	f	Face verification FAILED for TEST at MIDSHIFT checkpoint (confidence: 0.0%)	FACE_VERIFY_FAIL	51
180	TEST	2026-07-07 16:23:54.008712	SALES	f	✅ TEST checked out from mart at 04:23 PM	CHECK_OUT	51
181	TEST	2026-07-07 16:23:54.010568	HR	f	📋 TEST checked out at 04:23 PM	CHECK_OUT	51
182	TEST	2026-07-07 16:24:16.536233	SALES	f	⚠️ TEST is running late to mart	CHECK_IN	51
183	TEST	2026-07-07 16:24:16.537994	HR	f	⚠️ TEST is LATE! Check-in: 04:24 PM	LATE	51
184	TEST	2026-07-07 16:25:27.441303	SALES	f	📍 TEST exited mart from 04:25 PM	GEOFENCE_ACTIVITY	51
185	TEST	2026-07-07 16:25:38.241812	SALES	f	📍 TEST entered mart at 04:25 PM	GEOFENCE_ACTIVITY	51
186	TEST	2026-07-07 16:45:13.316189	SALES	f	📍 TEST exited mart from 04:45 PM	GEOFENCE_ACTIVITY	51
187	TEST	2026-07-07 16:45:23.335074	SALES	f	📍 TEST entered mart at 04:45 PM	GEOFENCE_ACTIVITY	51
188	TEST	2026-07-07 20:58:54.846532	SALES	f	📍 TEST entered tst at 08:58 PM	GEOFENCE_ACTIVITY	51
189	TEST	2026-07-07 20:58:56.344011	SALES	f	📍 TEST entered mart at 08:58 PM	GEOFENCE_ACTIVITY	51
190	TEST	2026-07-07 20:59:15.047722	SALES	f	📍 TEST entered tst at 08:59 PM	GEOFENCE_ACTIVITY	51
191	TEST	2026-07-07 20:59:30.830335	SALES	f	✅ TEST checked out from mart at 08:59 PM	CHECK_OUT	51
192	TEST	2026-07-07 20:59:30.833252	HR	f	📋 TEST checked out at 08:59 PM	CHECK_OUT	51
193	TEST	2026-07-07 20:59:44.513474	SALES	f	📍 TEST entered mart at 08:59 PM	GEOFENCE_ACTIVITY	51
194	Test	2026-07-07 21:01:44.070712	AGENT	f	Verification Required: You've arrived at mart. Open the app and verify your face to start your shift.	PUSH	52
195	Test	2026-07-07 21:11:21.543202	AGENT	f	Verification Required: You've arrived at tst. Open the app and verify your face to start your shift.	PUSH	52
196	Test	2026-07-07 21:11:51.8896	AGENT	f	Verification Required: You've arrived at mart. Open the app and verify your face to start your shift.	PUSH	52
197	ASIF	2026-07-07 22:00:00.10321	HR	f	❌ ASIF has no check-in today	ABSENT	42
198	ASIF	2026-07-07 22:00:00.182786	AGENT	f	❌ Absent Notice: You were marked as absent today. No check-in was registered.	PUSH	42
199	Rafau	2026-07-07 22:00:00.196462	HR	f	❌ Rafau has no check-in today	ABSENT	33
200	Rafau	2026-07-07 22:00:00.204644	AGENT	f	❌ Absent Notice: You were marked as absent today. No check-in was registered.	PUSH	33
201	Hr	2026-07-07 22:00:00.210819	HR	f	❌ Hr has no check-in today	ABSENT	40
202	Hr	2026-07-07 22:00:00.281359	AGENT	f	❌ Absent Notice: You were marked as absent today. No check-in was registered.	PUSH	40
203	Test	2026-07-07 22:00:00.288338	HR	f	❌ Test has no check-in today	ABSENT	37
204	Test	2026-07-07 22:00:00.294145	AGENT	f	❌ Absent Notice: You were marked as absent today. No check-in was registered.	PUSH	37
205	SALES	2026-07-07 22:00:00.300433	HR	f	❌ SALES has no check-in today	ABSENT	44
206	SALES	2026-07-07 22:00:00.30611	AGENT	f	❌ Absent Notice: You were marked as absent today. No check-in was registered.	PUSH	44
207	Ali	2026-07-07 22:00:00.383727	HR	f	❌ Ali has no check-in today	ABSENT	38
208	Ali	2026-07-07 22:00:00.389101	AGENT	f	❌ Absent Notice: You were marked as absent today. No check-in was registered.	PUSH	38
209	Khan	2026-07-07 22:00:00.394344	HR	f	❌ Khan has no check-in today	ABSENT	41
210	Khan	2026-07-07 22:00:00.399272	AGENT	f	❌ Absent Notice: You were marked as absent today. No check-in was registered.	PUSH	41
211	Shafay	2026-07-07 22:00:00.482327	HR	f	❌ Shafay has no check-in today	ABSENT	36
212	Shafay	2026-07-07 22:00:00.493738	AGENT	f	❌ Absent Notice: You were marked as absent today. No check-in was registered.	PUSH	36
213	fahad	2026-07-07 22:00:00.500068	HR	f	❌ fahad has no check-in today	ABSENT	46
214	fahad	2026-07-07 22:00:00.504854	AGENT	f	❌ Absent Notice: You were marked as absent today. No check-in was registered.	PUSH	46
215	System Admin	2026-07-07 22:00:00.509829	HR	f	❌ System Admin has no check-in today	ABSENT	47
216	System Admin	2026-07-07 22:00:00.514075	AGENT	f	❌ Absent Notice: You were marked as absent today. No check-in was registered.	PUSH	47
217	Test	2026-07-07 22:00:00.586015	HR	f	❌ Test has no check-in today	ABSENT	52
218	Test	2026-07-07 22:00:00.591059	AGENT	f	❌ Absent Notice: You were marked as absent today. No check-in was registered.	PUSH	52
\.


--
-- Data for Name: products; Type: TABLE DATA; Schema: public; Owner: -
--

COPY public.products (id, description, image_url, is_active, name, price, thumbnail_url, category, unit, created_at, updated_at) FROM stdin;
1	\N	\N	t	Large Bread	195	\N	BREAD	piece	2026-07-03 18:43:07.492607	\N
2	\N	\N	t	Small Bread	107	\N	BREAD	piece	2026-07-03 18:43:07.492607	\N
3	\N	\N	t	Milky Bread Small	100	\N	BREAD	piece	2026-07-03 18:43:07.492607	\N
4	\N	\N	t	Bran Bread	151	\N	BREAD	piece	2026-07-03 18:43:07.492607	\N
5	\N	\N	t	Multigrain Bread	234	\N	BREAD	piece	2026-07-03 18:43:07.492607	\N
6	\N	\N	t	S/W Bread	265	\N	BREAD	piece	2026-07-03 18:43:07.492607	\N
7	\N	\N	t	Pitta Bread (1*4)	108	\N	BREAD	pack	2026-07-03 18:43:07.492607	\N
8	\N	\N	t	Tortilla Bread 10in (1X8)	307	\N	BREAD	pack	2026-07-03 18:43:07.492607	\N
9	\N	\N	t	Tortilla Bread 8in (1*8)	206	\N	BREAD	pack	2026-07-03 18:43:07.492607	\N
10	\N	\N	t	QP B/Bun W/Seeded Uncut (1*2)	71	\N	BUN	pack	2026-07-03 18:43:07.492607	\N
11	\N	\N	t	QP B/Bun W/Seeded Uncut (1*4)	133	\N	BUN	pack	2026-07-03 18:43:07.492607	\N
12	\N	\N	t	MAC Royal B/Bun W/Seeded (1*2)	78	\N	BUN	pack	2026-07-03 18:43:07.492607	\N
13	\N	\N	t	Hot Dog B/Bun (1*1)	40	\N	BUN	piece	2026-07-03 18:43:07.492607	\N
14	\N	\N	t	Sheermall	48	\N	BREAD	piece	2026-07-03 18:43:07.492607	\N
15	\N	\N	t	Fruit Bun	41	\N	BUN	piece	2026-07-03 18:43:07.492607	\N
16	\N	\N	t	Fruit Cake	198	\N	CAKE	piece	2026-07-03 18:43:07.492607	\N
17	\N	\N	t	Plain Cake	198	\N	CAKE	piece	2026-07-03 18:43:07.492607	\N
18	\N	\N	t	Mini Fruit Cake	110	\N	CAKE	piece	2026-07-03 18:43:07.492607	\N
19	\N	\N	t	Mini Plain Cake	109	\N	CAKE	piece	2026-07-03 18:43:07.492607	\N
20	\N	\N	t	Cake Rusk	293	\N	RUSK	pack	2026-07-03 18:43:07.492607	\N
21	\N	\N	t	Mini Cake Rusk	105	\N	RUSK	pack	2026-07-03 18:43:07.492607	\N
22	\N	\N	t	Gol Cake (1*2)	78	\N	CAKE	pack	2026-07-03 18:43:07.492607	\N
23	\N	\N	t	Lemon Cake	276	\N	CAKE	piece	2026-07-03 18:43:07.492607	\N
24	\N	\N	t	Marble Cake	306	\N	CAKE	piece	2026-07-03 18:43:07.492607	\N
25	\N	\N	t	Old Fashion Cake	307	\N	CAKE	piece	2026-07-03 18:43:07.492607	\N
26	\N	\N	t	Muffin Pine Apple (1*6)	208	\N	MUFFIN	pack	2026-07-03 18:43:07.492607	\N
27	\N	\N	t	Muffin Strawberry (1*6)	209	\N	MUFFIN	pack	2026-07-03 18:43:07.492607	\N
28	\N	\N	t	Muffin Mango (1*6)	208	\N	MUFFIN	pack	2026-07-03 18:43:07.492607	\N
29	\N	\N	t	Muffin Chocolate (1*6)	209	\N	MUFFIN	pack	2026-07-03 18:43:07.492607	\N
30	\N	\N	t	Muffin Chocolate Chip (1*4)	307	\N	MUFFIN	pack	2026-07-03 18:43:07.492607	\N
31	\N	\N	t	Muffin Double Chocolate (1*4)	312	\N	MUFFIN	pack	2026-07-03 18:43:07.492607	\N
32	\N	\N	t	Dawn Rusk	137	\N	RUSK	pack	2026-07-03 18:43:07.492607	\N
33	\N	\N	t	Bran Rusk	140	\N	RUSK	pack	2026-07-03 18:43:07.492607	\N
34	\N	\N	t	Crispy Rusk	200	\N	RUSK	pack	2026-07-03 18:43:07.492607	\N
35	\N	\N	t	OTR Large	206	\N	OTHER	piece	2026-07-03 18:43:07.492607	\N
36	\N	\N	t	OTR Small	125	\N	OTHER	piece	2026-07-03 18:43:07.492607	\N
37	\N	\N	t	Crumbs	140	\N	OTHER	pack	2026-07-03 18:43:07.492607	\N
38	\N	\N	t	Bakarkhani (1*2)	90	\N	OTHER	pack	2026-07-03 18:43:07.492607	\N
39	\N	\N	t	Round Rusk	170	\N	RUSK	pack	2026-07-03 18:43:07.492607	\N
40	\N	\N	t	Spring Roll Pastry (1*24)	210	\N	PASTRY	pack	2026-07-03 18:43:07.492607	\N
\.


--
-- Data for Name: sale_items; Type: TABLE DATA; Schema: public; Owner: -
--

COPY public.sale_items (id, product_image_url, quantity, total_price, unit_price, product_id, sales_record_id) FROM stdin;
5	\N	1	151	151	4	2
6	\N	1	100	100	3	2
7	\N	1	195	195	1	2
8	\N	1	108	108	7	2
9	\N	1	265	265	6	2
10	\N	1	234	234	5	2
11	\N	1	133	133	11	2
12	\N	1	71	71	10	2
13	\N	1	151	151	4	3
14	\N	1	107	107	2	3
15	\N	1	100	100	3	3
16	\N	1	307	307	8	3
17	\N	1	108	108	7	3
18	\N	1	265	265	6	3
19	\N	1	151	151	4	4
20	\N	1	107	107	2	4
21	\N	1	195	195	1	4
22	\N	1	133	133	11	4
23	\N	1	40	40	13	4
24	\N	1	198	198	17	4
25	\N	1	306	306	24	4
26	\N	1	208	208	26	4
27	\N	1	208	208	28	4
\.


--
-- Data for Name: sales_records; Type: TABLE DATA; Schema: public; Owner: -
--

COPY public.sales_records (id, created_at, location, modified_at, modified_by, override_reason, sale_date, sale_time, total_amount, agent_id, store_name, total_units, submitted_at, status, notes, created_by) FROM stdin;
2	2026-07-04 21:53:36.368465	North Outlet	\N	\N	\N	2026-07-04	21:53:36.368	1257	33	\N	8	\N	PENDING	\N	\N
3	2026-07-04 21:56:47.045497	North Outlet	\N	\N	\N	2026-07-04	21:56:47.045	1038	36	\N	6	\N	PENDING	\N	\N
4	2026-07-05 10:31:55.904941	North Outlet	\N	\N	\N	2026-07-05	10:31:55.905	1546	38	\N	9	\N	PENDING	\N	\N
\.


--
-- Data for Name: sales_sync_log; Type: TABLE DATA; Schema: public; Owner: -
--

COPY public.sales_sync_log (id, sale_record_id, sync_message, sync_status, synced_at, synced_to) FROM stdin;
1	1	Sales synced in real-time. Agent: Rao Asif, Amount: PKR 610.0	SUCCESS	2026-07-03 23:30:35.829134	SALES_DEPARTMENT
2	1	Sales sync to HR completed for attendance correlation.	SUCCESS	2026-07-03 23:30:35.832562	HR_DEPARTMENT
3	2	Sales synced in real-time. Agent: Rafau, Amount: PKR 1257.0	SUCCESS	2026-07-04 21:53:36.382423	SALES_DEPARTMENT
4	2	Sales sync to HR completed for attendance correlation.	SUCCESS	2026-07-04 21:53:36.384821	HR_DEPARTMENT
5	3	Sales synced in real-time. Agent: Shafay, Amount: PKR 1038.0	SUCCESS	2026-07-04 21:56:47.051255	SALES_DEPARTMENT
6	3	Sales sync to HR completed for attendance correlation.	SUCCESS	2026-07-04 21:56:47.052368	HR_DEPARTMENT
7	4	Sales synced in real-time. Agent: Ali, Amount: PKR 1546.0	SUCCESS	2026-07-05 10:31:55.99671	SALES_DEPARTMENT
8	4	Sales sync to HR completed for attendance correlation.	SUCCESS	2026-07-05 10:31:55.999745	HR_DEPARTMENT
\.


--
-- Name: agent_id_seq; Type: SEQUENCE SET; Schema: public; Owner: -
--

SELECT pg_catalog.setval('public.agent_id_seq', 52, true);


--
-- Name: attendance_id_seq; Type: SEQUENCE SET; Schema: public; Owner: -
--

SELECT pg_catalog.setval('public.attendance_id_seq', 26, true);


--
-- Name: audit_logs_id_seq; Type: SEQUENCE SET; Schema: public; Owner: -
--

SELECT pg_catalog.setval('public.audit_logs_id_seq', 184, true);


--
-- Name: face_template_id_seq; Type: SEQUENCE SET; Schema: public; Owner: -
--

SELECT pg_catalog.setval('public.face_template_id_seq', 1, false);


--
-- Name: face_verification_log_id_seq; Type: SEQUENCE SET; Schema: public; Owner: -
--

SELECT pg_catalog.setval('public.face_verification_log_id_seq', 23, true);


--
-- Name: geo_fence_logs_id_seq; Type: SEQUENCE SET; Schema: public; Owner: -
--

SELECT pg_catalog.setval('public.geo_fence_logs_id_seq', 36, true);


--
-- Name: mart_id_seq; Type: SEQUENCE SET; Schema: public; Owner: -
--

SELECT pg_catalog.setval('public.mart_id_seq', 5, true);


--
-- Name: notifications_id_seq; Type: SEQUENCE SET; Schema: public; Owner: -
--

SELECT pg_catalog.setval('public.notifications_id_seq', 218, true);


--
-- Name: products_id_seq; Type: SEQUENCE SET; Schema: public; Owner: -
--

SELECT pg_catalog.setval('public.products_id_seq', 40, true);


--
-- Name: sale_items_id_seq; Type: SEQUENCE SET; Schema: public; Owner: -
--

SELECT pg_catalog.setval('public.sale_items_id_seq', 27, true);


--
-- Name: sales_records_id_seq; Type: SEQUENCE SET; Schema: public; Owner: -
--

SELECT pg_catalog.setval('public.sales_records_id_seq', 4, true);


--
-- Name: sales_sync_log_id_seq; Type: SEQUENCE SET; Schema: public; Owner: -
--

SELECT pg_catalog.setval('public.sales_sync_log_id_seq', 8, true);


--
-- Name: agent agent_pkey; Type: CONSTRAINT; Schema: public; Owner: -
--

ALTER TABLE ONLY public.agent
    ADD CONSTRAINT agent_pkey PRIMARY KEY (id);


--
-- Name: attendance attendance_pkey; Type: CONSTRAINT; Schema: public; Owner: -
--

ALTER TABLE ONLY public.attendance
    ADD CONSTRAINT attendance_pkey PRIMARY KEY (id);


--
-- Name: audit_logs audit_logs_pkey; Type: CONSTRAINT; Schema: public; Owner: -
--

ALTER TABLE ONLY public.audit_logs
    ADD CONSTRAINT audit_logs_pkey PRIMARY KEY (id);


--
-- Name: face_template face_template_pkey; Type: CONSTRAINT; Schema: public; Owner: -
--

ALTER TABLE ONLY public.face_template
    ADD CONSTRAINT face_template_pkey PRIMARY KEY (id);


--
-- Name: face_verification_log face_verification_log_pkey; Type: CONSTRAINT; Schema: public; Owner: -
--

ALTER TABLE ONLY public.face_verification_log
    ADD CONSTRAINT face_verification_log_pkey PRIMARY KEY (id);


--
-- Name: flyway_schema_history flyway_schema_history_pk; Type: CONSTRAINT; Schema: public; Owner: -
--

ALTER TABLE ONLY public.flyway_schema_history
    ADD CONSTRAINT flyway_schema_history_pk PRIMARY KEY (installed_rank);


--
-- Name: geo_fence_logs geo_fence_logs_pkey; Type: CONSTRAINT; Schema: public; Owner: -
--

ALTER TABLE ONLY public.geo_fence_logs
    ADD CONSTRAINT geo_fence_logs_pkey PRIMARY KEY (id);


--
-- Name: mart mart_pkey; Type: CONSTRAINT; Schema: public; Owner: -
--

ALTER TABLE ONLY public.mart
    ADD CONSTRAINT mart_pkey PRIMARY KEY (id);


--
-- Name: notifications notifications_pkey; Type: CONSTRAINT; Schema: public; Owner: -
--

ALTER TABLE ONLY public.notifications
    ADD CONSTRAINT notifications_pkey PRIMARY KEY (id);


--
-- Name: products products_pkey; Type: CONSTRAINT; Schema: public; Owner: -
--

ALTER TABLE ONLY public.products
    ADD CONSTRAINT products_pkey PRIMARY KEY (id);


--
-- Name: sale_items sale_items_pkey; Type: CONSTRAINT; Schema: public; Owner: -
--

ALTER TABLE ONLY public.sale_items
    ADD CONSTRAINT sale_items_pkey PRIMARY KEY (id);


--
-- Name: sales_records sales_records_pkey; Type: CONSTRAINT; Schema: public; Owner: -
--

ALTER TABLE ONLY public.sales_records
    ADD CONSTRAINT sales_records_pkey PRIMARY KEY (id);


--
-- Name: sales_sync_log sales_sync_log_pkey; Type: CONSTRAINT; Schema: public; Owner: -
--

ALTER TABLE ONLY public.sales_sync_log
    ADD CONSTRAINT sales_sync_log_pkey PRIMARY KEY (id);


--
-- Name: agent uk96097vsrm0u2kxtxbjcbhtlkq; Type: CONSTRAINT; Schema: public; Owner: -
--

ALTER TABLE ONLY public.agent
    ADD CONSTRAINT uk96097vsrm0u2kxtxbjcbhtlkq UNIQUE (agent_id);


--
-- Name: agent ukpxogqxl64ae07j2lox1tgvrlx; Type: CONSTRAINT; Schema: public; Owner: -
--

ALTER TABLE ONLY public.agent
    ADD CONSTRAINT ukpxogqxl64ae07j2lox1tgvrlx UNIQUE (email);


--
-- Name: flyway_schema_history_s_idx; Type: INDEX; Schema: public; Owner: -
--

CREATE INDEX flyway_schema_history_s_idx ON public.flyway_schema_history USING btree (success);


--
-- Name: idx_face_log_agent_date; Type: INDEX; Schema: public; Owner: -
--

CREATE INDEX idx_face_log_agent_date ON public.face_verification_log USING btree (agent_id, verification_time);


--
-- Name: idx_face_template_agent; Type: INDEX; Schema: public; Owner: -
--

CREATE INDEX idx_face_template_agent ON public.face_template USING btree (agent_id);


--
-- Name: face_template face_template_agent_id_fkey; Type: FK CONSTRAINT; Schema: public; Owner: -
--

ALTER TABLE ONLY public.face_template
    ADD CONSTRAINT face_template_agent_id_fkey FOREIGN KEY (agent_id) REFERENCES public.agent(id);


--
-- Name: face_verification_log face_verification_log_agent_id_fkey; Type: FK CONSTRAINT; Schema: public; Owner: -
--

ALTER TABLE ONLY public.face_verification_log
    ADD CONSTRAINT face_verification_log_agent_id_fkey FOREIGN KEY (agent_id) REFERENCES public.agent(id);


--
-- Name: attendance fk2nx3ifehj4eln17cl24afwqw1; Type: FK CONSTRAINT; Schema: public; Owner: -
--

ALTER TABLE ONLY public.attendance
    ADD CONSTRAINT fk2nx3ifehj4eln17cl24afwqw1 FOREIGN KEY (agent_id) REFERENCES public.agent(id);


--
-- Name: attendance fk8bnx3h7ltg456jtpp4nuukbye; Type: FK CONSTRAINT; Schema: public; Owner: -
--

ALTER TABLE ONLY public.attendance
    ADD CONSTRAINT fk8bnx3h7ltg456jtpp4nuukbye FOREIGN KEY (mart_id) REFERENCES public.mart(id);


--
-- Name: sale_items fk8g0sjiqs7tg055o06p6wawu39; Type: FK CONSTRAINT; Schema: public; Owner: -
--

ALTER TABLE ONLY public.sale_items
    ADD CONSTRAINT fk8g0sjiqs7tg055o06p6wawu39 FOREIGN KEY (product_id) REFERENCES public.products(id);


--
-- Name: sale_items fkkjy0ndox0p11ucamwe2v0hb42; Type: FK CONSTRAINT; Schema: public; Owner: -
--

ALTER TABLE ONLY public.sale_items
    ADD CONSTRAINT fkkjy0ndox0p11ucamwe2v0hb42 FOREIGN KEY (sales_record_id) REFERENCES public.sales_records(id);


--
-- Name: geo_fence_logs fklneeqxpgtthm5onxn4x7v44fk; Type: FK CONSTRAINT; Schema: public; Owner: -
--

ALTER TABLE ONLY public.geo_fence_logs
    ADD CONSTRAINT fklneeqxpgtthm5onxn4x7v44fk FOREIGN KEY (agent_id) REFERENCES public.agent(id);


--
-- Name: geo_fence_logs fkn6a99tu5fdtqqbd32kph3x0c1; Type: FK CONSTRAINT; Schema: public; Owner: -
--

ALTER TABLE ONLY public.geo_fence_logs
    ADD CONSTRAINT fkn6a99tu5fdtqqbd32kph3x0c1 FOREIGN KEY (mart_id) REFERENCES public.mart(id);


--
-- Name: sales_records fkqd8rc1fl3wp5jep9ws7v571x1; Type: FK CONSTRAINT; Schema: public; Owner: -
--

ALTER TABLE ONLY public.sales_records
    ADD CONSTRAINT fkqd8rc1fl3wp5jep9ws7v571x1 FOREIGN KEY (agent_id) REFERENCES public.agent(id);


--
-- Name: notifications fku90e1foa6gvonwq0wkrlvnta; Type: FK CONSTRAINT; Schema: public; Owner: -
--

ALTER TABLE ONLY public.notifications
    ADD CONSTRAINT fku90e1foa6gvonwq0wkrlvnta FOREIGN KEY (agent_id) REFERENCES public.agent(id);


--
-- PostgreSQL database dump complete
--

\unrestrict b0Y2OnGtCBi6zWIcOBaxkamI9dzcy72hqIOdAj0dAjMD5R1NjuIe6nC5ttJgZtf

